-- phpMyAdmin SQL Dump
-- version 5.2.0
-- https://www.phpmyadmin.net/
--
-- Host: 127.0.0.1
-- Generation Time: Dec 06, 2023 at 04:54 PM
-- Server version: 10.4.25-MariaDB
-- PHP Version: 7.4.30

SET SQL_MODE = "NO_AUTO_VALUE_ON_ZERO";
START TRANSACTION;
SET time_zone = "+00:00";


/*!40101 SET @OLD_CHARACTER_SET_CLIENT=@@CHARACTER_SET_CLIENT */;
/*!40101 SET @OLD_CHARACTER_SET_RESULTS=@@CHARACTER_SET_RESULTS */;
/*!40101 SET @OLD_COLLATION_CONNECTION=@@COLLATION_CONNECTION */;
/*!40101 SET NAMES utf8mb4 */;

--
-- Database: `beritakel3`
--

-- --------------------------------------------------------

--
-- Table structure for table `berita`
--

CREATE TABLE `berita` (
  `id_berita` int(11) NOT NULL,
  `id_kategori` int(11) DEFAULT NULL,
  `judul` varchar(255) DEFAULT NULL,
  `penulis` varchar(30) DEFAULT NULL,
  `isi_berita` text DEFAULT NULL,
  `tgl_rilis` date DEFAULT NULL,
  `gambar` varchar(255) DEFAULT NULL
) ENGINE=InnoDB DEFAULT CHARSET=utf8mb4;

--
-- Dumping data for table `berita`
--

INSERT INTO `berita` (`id_berita`, `id_kategori`, `judul`, `penulis`, `isi_berita`, `tgl_rilis`, `gambar`) VALUES
(18, 5, 'Profil Maruli Simanjuntak, Sosok KSAD Baru yang Dilantik Jokowi', 'Christopher', 'Jakarta - Presiden Joko Widodo (Jokowi) telah melantik Maruli Simanjuntak sebagai Kepala Staf Angkatan Darat (KSAD). Maruli mengisi posisi yang sebelumnya diemban oleh Jenderal Agus Subiyanto, yang kini telah resmi menjadi Panglima TNI.\r\nDengan jabatannya sebagai KSAD, Maruli Simanjuntak kini menyandang pangkat Jenderal TNI. Sebelumnya, Maruli menjabat sebagai Panglima Komando Cadangan Strategis Angkatan Darat (Pangkostrad)<br>\r\n\r\n<br>Lantas, seperti apa sosok Jenderal TNI Maruli Simanjuntak yang kini telah resmi dilantik menjadi KSAD baru? Simak informasi profil Maruli Simanjuntak berikut ini:<br>\r\n\r\n<br>Dihimpun dari catatan redaksi detikcom, Maruli Simanjuntak, M.Sc. sebelumnya menjabat sebagai Panglima Kostrad (Pangkostrad) sejak tanggal 31 Januari 2022. Maruli Simanjuntak adalah seorang Abituren Akademi Militer (Akmil) tahun 1992.<br>\r\n\r\n<br>Maruli lahir pada tanggal 27 Februari 1970 di Bandung, Jawa Barat (Jabar). Maruli merupakan anak ketiga dari lima bersaudara dari pasangan Batak yang merantau ke Jawa. Ayahnya berprofesi sebagai guru dan ibunya seorang perawat.<br>\r\n\r\n<br>Sejak awal karier, Maruli pernah dipercaya memegang sejumlah jabatan strategis di Korps Baret Merah. Di antaranya yaitu, Komandan Batalyon (Danyon) 21 Grup 2 Kopassus, Komandan Sekolah Komando Pusat Pendidikan dan Latihan Pasukan Khusus (Pusdikpassus).<br>\r\n\r\n<br>Maruli juga dipercaya sebagai Wakil Komandan Grup 1 Kopassus. Dia lalu dipercaya mengisi posisi sebagai Komandan Grup 2 Kopassus sampai tahun 2014. Di tahun yang sama, Maruli dipercaya menjadi Komandan Grup A Pasukan Pengamanan Presiden (Paspampres) sampai tahun 2016.<br>\r\n\r\n<br>Pada tahun 2016, Maruli mengemban jabatan sebagai Komandan Korem (Danrem) 074/Warastratama. Saat menjabat Danrem 074, Maruli meraih Penghargaan sebagai Danrem terbaik dalam bidang Upaya Khusus (Upsus) Ketahanan Pangan Tingkat Nasional tahun 2016.<br>\r\n\r\n<br>Pada tahun 2017 hingga 2018, Maruli kemudian ditunjuk untuk menduduki jabatan sebagai Wakil Komandan Paspampres. Satu tahun berikutnya, Maruli Simanjuntak menjabat sebagai Kepala Staf Komando Daerah Militer (Kasdam) IV/Diponegoro.<br>\r\n\r\n<br>Selanjutnya, sosok Maruli Simanjuntak mendapatkan promosi menjabat sebagai Komandan Paspampres dan berlanjut memegang tongkat komando sebagai Pangdam IX/Udayana. Maruli mulai menjabat sebagai Pangkostrad pada awal tahun 2022 lalu.<br>\r\n\r\n<br>Kini, usai dilantik oleh Presiden Jokowi pada tanggal 29 November 2023, Maruli Simanjuntak telah resmi menjabat sebagai KSAD baru, menggantikan Jenderal Agus Subiyanto, yang kini menjadi Panglima TNI. Maruli kini juga resmi menyandang pangkat sebagai Jenderal TNI.<br>\r\n', '2023-11-29', 'ksad-jenderal-maruli-simanjuntak-dok-youtube-sekretariat-presiden_169.png'),
(19, 1, 'Francesco Camarda Sabtu Bikin Sejarah, Senin Masuk Sekolah', 'Christopher', 'Penyerang AC Milan berumur 15 tahun, Francesco Camarda, mencetak sejarah baru pada hari Sabtu (25/11/2023). Selang dua hari, dia harus kembali menuntut ilmu. Partai pekan ke-13 Liga Italia 2023-2024 antara Milan vs Fiorentina, Sabtu (25/11/2023) atau Minggu (26/11/2023) dini hari WIB, menjadi panggung bersejarah bagi Francesco Camarda. Camarda yang merupakan kelahiran tahun 2008 dimainkan oleh pelatih Milan, Stefano Pioli pada menit ke-83. Ketika hendak masuk lapangan, Camarda diantar publik San Siro dengan pekik menggelegar. Seisi San Siro kompak meneriakkan nama “Camarda!” usai sang announcer pertandingan mengucapkan “Francesco”.<br>\r\n\r\n<br>Sejarah tercipta. Bermain dalam usia 15 tahun, 8 bulan, plus 15 hari, Camarda resmi menjadi pemain termuda yang pernah mentas di ajang Liga Italia. Camarda mengusangkan rekor pemain Bologna, Wisdom Amey, yang menuai debut di Serie A Liga Italia pada usia 15 tahun, 9 bulan, plus 1 hari. Sehari setelah mencatat debut bersejarah bersama Milan, Camarda kembali ke sentra latihan klub di Milanello, Minggu (26/11/2023). Ia datang bersama kedua orangtuanya dan sang anjing peliharaan. Tak lupa, Camarda membawa traktiran berupa kue-kue manis untuk rekan setimnya di Milan. Camarda meneruskan tradisi lama di Milan, di mana seorang debutan wajib membawa produk pastry untuk dilahap bersama-sama.<br>', '2023-11-29', 'olahraga.jpg'),
(28, 9, 'Menlu Retno di DK PBB: Saya Tak Paham <b>Statement</b> Macam Apa yang Disampaikan PM Israel', 'Aprilisa', 'Menteri Luar Negeri RI Retno Marsudi mengatakan bahwa jeda kemanusiaan yang sedang berlangsung saat ini terlalu rapuh untuk memperbaiki situasi di Gaza.<br>\r\n\r\n<br>“Indonesia menyambut baik tentunya truce (gencatan senjata sementara) yang berlangsung saat ini, namun pertanyaannya adalah apakah ini sudah mencukupi? Indonesia berpendapat (hal ini) belum mencukupi,” ujar Retno kepada VOA usai menghadiri pertemuan Dewan Keamanan PBB di New York, Rabu (29/11/2023). <br>\r\n\r\n<br>Retno hadir dalam pertemuan itu bersama para menteri luar negeri Organisasi Kerja Sama Islam (OKI) yang sedang melakukan kunjungan ke negara-negara anggota tetap DK PBB untuk menyerukan gencatan senjata di Gaza.<br>\r\n\r\n<br>Di hadapan dewan yang saat ini diketuai oleh China itu, Retno mengaku tidak habis pikir dengan pernyataan Perdana Menteri Israel Benjamin Netanyahu, yang sebelumnya berulang kali menyatakan bahwa pasukannya akan melanjutkan serangan untuk menumpas Hamas begitu jeda pertempuran berakhir.<br>\r\n\r\n<br>“Saya tidak bisa memahami statement macam apa yang disampaikan oleh perdana menteri Israel ini,” ujar Retno kepada VOA. “Dewan Keamanan PBB harus mencegah agar kekerasan tidak terulang lagi di Gaza.”<br>\r\n\r\n<br>Pada gilirannya, Perwakilan Tetap Israel di PBB Gilad Erdan menyangkal anggapan bahwa konflik yang tengah berlangsung saat ini antara negaranya dan Hamas adalah konflik politik atau bahkan perebutan lahan. Ia menilainya sebagai upaya penghancuran Israel dan bangsa Yahudi.<br>\r\n\r\n<br>“Hamas tidak peduli dengan masyarakat di Gaza. Yang mereka inginkan hanyalah menerapkan solusi akhir Hitler. Dan tidak ada yang dapat mengubah ideologi genosida. Ini harus dicerabut dan diberantas,” ungkap Erdan dalam pertemuan DK PBB.<br>\r\n\r\n<br>Pertengahan November lalu, DK PBB mengadopsi Resolusi 2712 yang menyerukan jeda kemanusiaan mendesak dan diperpanjang di Jalur Gaza untuk memfasilitasi penyediaan barang dan jasa yang penting bagi penduduk setempat. <br>\r\n\r\n<br>Pada pertemuan DK PBB hari Rabu, Sekretaris Jenderal PBB Antonio Guterres menegaskan perlunya “gencatan senjata kemanusiaan yang sesungguhnya” dan mencapai solusi dua negara.<br>\r\n\r\n<br>Pertemuan dewan pada hari Rabu bertepatan dengan peringatan Hari Solidaritas Internasional untuk Warga Palestina, yang diperingati setiap 29 November sejak 1977.<br>\r\n\r\n<br>Sebelum ke New York, Komite Menteri-menteri Luar Negeri KTT Gabungan OKI dan Liga Arab, termasuk Menlu RI Retno Marsudi, sudah lebih dulu mengunjungi empat negara anggota tetap Dewan Keamanan PBB lainnya, yaitu China, Rusia, Inggris dan Perancis. Setidaknya China dan Rusia menyatakan dukungan mereka terhadap upaya untuk mencapai gencatan senjata tersebut.<br>', '2023-11-29', 'menlu.jpg'),
(29, 10, 'Frozen 3 Sedang Digarap, Disney Bocorkan Bakal Ada Film Keempat?', 'Aprilisa', 'Kepala Staf Kreatif Animasi Disney Jennifer Lee membeberkan informasi terbaru mengenai proyek terbarunya Frozen 3. <br>\r\n\r\n<br>Melansir laman Deadline pada Selasa (28/11/2023), Jennifer mengungkapkan timnya telah bekerja keras dalam membuat film ketiga dari waralaba Frozen tersebut. <br>\r\n\r\n<br>Jennifer Lee juga memberikan petunjuk mengenai proyek Frozen lain yang kemungkinan besar bakal diproduksi di masa yang akan datang.<br>\r\n\r\n<br>“Hanya apa yang telah kami bagikan, yaitu tim bekerja keras, kami sangat bersemangat dengan cerita yang kami bentuk bersama,” terang Jennifer dalam wawancaranya. <br>\r\n\r\n<br>“Itu sangat epik, sehingga mungkin tidak cocok untuk satu film saja,” sambungnya. <br>\r\n\r\n<br>Tak hanya Jennifer, nyatanya Bob Iger selaku CEO dari Disney juga telah memberikan petunjuk mengenai film keempat dari Frozen sejak jauh-jauh hari. <br>\r\n\r\n<br>Melalui wawancara dengan Good Morning America, Iger menyatakan jika proses pengerjaan film Frozen 4 juga berkemungkinan terjadi.<br>\r\n\r\n<br>“Frozen 3 sedang dalam pengerjaan dan mungkin ada Frozen 4 juga dalam pengerjaan,” ucap CEO itu. <br>\r\n\r\n<br>Masih dalam wawancaranya, Iger mengatakan jika Jennifer Lee telah berupaya keras dalam membuat dua cerita dari waralaba tersebut. <br>\r\n\r\n<br>Berkat itu, Iger mengungkapkan jika ia terpesona dengan proyek terbarunya itu dan sangat gembira karenanya. <br>\r\n\r\n<br>“Jennifer Lee yang menciptakan Frozen dan Frozen 2 yang asli, bekerja keras dengan timnya di Disney Animation bukan hanya pada satu tapi sebenarnya dua cerita,” ucapnya. <br>\r\n\r\n<br>“Mereka menyediakan waktu bagi saya untuk bekerja dengan tim kreatif di dalamnya. Dan saya terpesona. Saya sangat gembira,” ujarnya.<br>\r\n', '2023-11-28', 'frozen.png'),
(30, 10, '4 Fakta Detective Conan yang Tak Banyak Diketahui', 'Irfan', 'Cerita tentang Shinichi Kudo, seorang anak SMA jenius yang kemudian terjebak dalam tubuh anak laki-laki berusia 8 tahun bernama Conan Edogawa memiliki daya tarik tersendiri untuk penggemarnya. <br>\r\n\r\n<br>Memakai identitas Conan, Shinichi menyelesaikan berbagai teka-teki pembunuhan. Di balik identitasnya itu, ada beberapa fakta lain tentang Conan yang mungkin tak diketahui banyak orang, berikut diantaranya.<br>\r\n\r\n<br><b>1. Asal mula nama Conan</b><br>\r\n\r\n<br>Adegan ini sebenarnya bisa ditemukan di salah satu episode Conan. Tapi untuk yang terlewatkan, cukup diketahui bahwa saat itu Shinichi yang berubah menjadi anak kecil memaksanya untuk menemukan identitas lain dengan cepat. <br>\r\n\r\n<br>Dengan cepat dia menemukan nama barunya dengan melihat-lihat lingkungannya. Nama depannya adalah Conan, yang diambil dari nama Arthur Conan Doyle, pencipta Sherlock Holmes.<br>\r\n\r\n<br>Sementara nama belakangnya Edogawa, diambil dari Edogawa Ranpo, nama pena seorang penulis fiksi Jepang yang terkenal. Tapi, yang cukup menarik di sini, nama pena ini merupakan referensi dari penulis Edgar Allen Poe.<br>\r\n\r\n<br><b>2. Buta nada</b><br>\r\n\r\n<br>Tidak ada yang namanya seseorang yang hebat dalam segala hal. Meskipun merupakan detektif terbaik dan pemain sepak bola yang cukup handal, Conan sangat buruk dalam bernyanyi. <br>\r\n\r\n<br>Dia kadang-kadang digambarkan sebagai buta nada karena dia sangat buruk dalam bernyanyi dengan kunci.<br>\r\n\r\n<br>Namun, meskipun demikian, karakter ini sebenarnya dapat mendengar dengan nada yang sempurna, dan pernah mampu menyelesaikan sebuah kasus di awal serial ini karena dia mampu menguraikan pesan dengan memainkan piano dengan nada yang tepat.<br>\r\n\r\n<br><b>3. FBI tahu identitasnya</b><br> \r\n\r\n<br>Sejak awal, konsep utama dari jalan cerita Case Closed adalah tentang menjaga identitas Conan yang dulu sebagai Shinichi tetap rahasia. <br>\r\n\r\n<br>Dia tidak dapat memberi tahu sebagian besar orang dalam hidupnya yang dia sayangi karena takut mempertaruhkan nyawa mereka untuk melawan Organisasi Hitam. <br>\r\n\r\n<br>Hanya beberapa orang yang benar-benar mengetahui apa yang terjadi pada Shinichi, dan beberapa di antaranya adalah anggota FBI. <br>\r\n\r\n<br>Ya, FBI sesekali muncul dalam Case Closed karena keterlibatan mereka dalam menumpas Organisasi Hitam, kelompok yang telah mereka incar selama dua puluh tahun.<br>\r\n\r\n<br><b>4. Orangtua Conan</b><br>\r\n\r\n<br>Sebagai Shinichi Kudo, Conan tumbuh bersama Yusaku dan Yukiko, dua orang yang luar biasa. <br>\r\n\r\n<br>Yusaku adalah seorang novelis terkenal yang juga seorang anak laki-laki jenius, sementara ibunya Yukiko adalah seorang aktris terkenal yang pensiun untuk berkeluarga dengan Yusaku. <br>\r\n\r\n<br>Sejak saat itu, keduanya mendorong Shinichi untuk menemukan jalannya sendiri, tetapi begitu mereka menyadari masalah yang dihadapinya, mereka berpura-pura menjadi Organisasi Hitam, melakukan upaya palsu dalam hidupnya untuk membantu Shinichi menyadari bahaya yang dihadapinya.<br>\r\n', '2023-11-28', 'conan.png'),
(31, 10, 'The Last of Us Season 2 Mulai Syuting Januari 2024', 'Irfan', 'Setelah sukses dengan musim pertama, kini serial populer The Last of Us akan kembali menghibur para penonton. <br>\r\n\r\n<br>Kelanjutan kisah dari dunia apokalips itu akan segera tiba melalui musim keduanya yang rencananya bakal mulai diproduksi pada 2024. <br>\r\n\r\n<br>Informasi tersebut diperoleh berdasarkan unggahan X yang sempat diposting oleh akun The Hollywood Handle pada 14 November 2023 lalu.<br>\r\n\r\n<br>Dalam postingannya, disebutkan bahwa The Last of Us Season 2 akan memulai proses syutingnya pada 7 Januari 2024. <br>\r\n\r\n<br>Selain itu, tercantum pula sebuah tautan menuju laman Film and Television Industry Alliance (FTIA) di mana di dalamnya terdapat informasi mengenai proses pra-produksi The Last of Us Season 2. <br>\r\n\r\n<br>Proses syuting serial ini bakal dilakukan di Vancouver, Kanada. Nama Neill Druckmann yang sebelumnya menggarap musim pertama The Last of Us juga akan kembali memproduseri musim keduanya ini.<br>\r\n\r\n<br>Sama seperti musim sebelumnya, aktor Pedro Pascal juga akan kembali memerankan Joel, diikuti oleh Bella Ramsey sebagai Ellie, Gabriel luna sebagai Tommy, hingga Rutina wesley sebagai Maria. <br>\r\n\r\n<br>Sebagai informasi, serial live-action The Last of Us diangkat berdasarkan video gim populer dengan nama sama yang dirilis pada 2013 lalu. <br>\r\n\r\n<br>Gim ini dikembangkan oleh Naughty Dog dan Sony Interactive Entertainment, sedangkan untuk serial live-actionnya diproduksi oleh HBO.<br>\r\n\r\n<br>Serial ini menceritakan kisah Joel, seorang pria paruh baya yang mengawal seorang wanita muda bernama Ellie melintasi Amerika Serikat yang dilanda infeksi virus.<br>', '2023-11-27', 'thelastofus.jpg'),
(32, 10, 'Tayang November di Indonesia, Catat Harga Tiket Film Taylor Swift The Eras Tour', 'Aprilisa', 'Kabar bahagia buat para swifties Indonesia! Film Taylor Swift The Eras Tour bakal segera tayang serempak di bioskop Indonesia. Taylor Swift The Eras Tour nantinya akan bisa disaksikan di Indonesia pada 3 November 2023. Bagi yang belum tahu, Taylor Swift The Eras Tour adalah film dokumenter yang akan menampilkan perjalanan tur konser Taylor. Khususnya dalam pertunjukkan di SoFi Stadium, Los Angeles, Amerika Serikat pada Agustus 2023 lalu. <br>\r\n\r\n<br>Di sutradari oleh Sam Wrench, film ini akan menampilkan 40 lagu dalam konser dengan durasi 2 jam 48 menit.  Hal ini tentu sangat memanjakan para fans yang tidak bisa menyaksikan konser secara langsung. <br>\r\n\r\n<br>Sebab, penonton film Taylor Swift The Eras Tour akan merasakan pengalaman berbeda saat menonton film seakan sedang melihat langsung idolanya bernyanyi. Nah untuk swifties Indonesia yang ingin menyaksikan film dokumenter ini, kamu bisa membeli tiketnya secara presale.<br>\r\n\r\n<br>Melansir Tribunnews, CBI Picture selaku distributor film Indonesia menyebut tiket presale akan dijual mulai 27 Oktober 2023.  Adapun untuk harga tiketnya sendiri berbeda antara satu daerah dengan daerah lainnya. Berikut rinciannya: <br>\r\n\r\n<br>- Untuk Jabodetabek, Bandung, Surabaya, Medan, dan Semarang : Rp200.000 <br>\r\n\r\n<br>- Kota lain : Rp150.000<br>\r\n\r\n<br>Jadi Film Konser Musik Paling Laris . Sebagai informasi, Taylor Swift The Eras Tour adalah film dokumenter konser musik terlaris.  Film ini meraup Rp612 miliar di hari penayangan perdananya loh! <br>\r\n\r\n<br>Nah gimana nih, sudah siap nonton film konser Taylor Swift bak sedang nonton konsernya langsung?<br>\r\n', '2023-10-22', 'foto-taylor-swift-the-eras-tour.jpg'),
(34, 10, '<b>Moon In The Day</b>, Drakor Terbaru Kim Young Dae dan Pyo Ye Jin', 'Aprilisa', 'Drama Korea \"Moon In The Day\" telah resmi tayang secara perdana pada Rabu (1/11/2023) malam dan bisa disaksikan melalui platform streaming Viu. Drama ini merupakan drama yang diadaptasi dari Webtoon berjudul sama yang telah terbit sejak 2013.<br>\r\n\r\n<br>Moon In The Day juga turut diperankan oleh aktor populer Korea Selatan seperti Kim Young Dae, Pyo Ye Jin, hingga Oh Joo Wan. Drama ini tayang setiap hari Rabu dan Kamis menggantikan drama ‘The Kidnapping Day’ yang telah tamat.<br>\r\n\r\n<br>Drama Moon In The Day juga mempunyai genre fantasi romansa yang dibalut dengan kisah thriller menarik. Kisahnya akan menceritakan tentang cinta yang berbahaya, tetapi penuh kasih sayang.<br>\r\n\r\n<br>Melalui drama ini, Kim Young Dae akan berperan sebagai seorang pria yang menjadi bintang top dan dikenal mempunyai penampilan tampan dan badan yang tinggi. Namun, sosoknya ternyata dibebani dengan perasaan rendah diri.<br>\r\n\r\n<br>Adapun karakter Pyo Ye Jin akan berperan sebagai seorang perempuan yang bekerja sebagai petugas pemadam kebakaran. Pertemuan keduanya ternyata bagaikan takdir yang dipenuhi dengan banyak pertanyaan.<br>\r\n\r\n<br>Hubungan karakter yang diperankan oleh Kim Young Dae dan Pyo Ye Jin mempunyai kisah romansa yang rumit. Selain itu, kisahnya menjadi cerita unik karena masing-masing karakter mempunyai kenangan kehidupan di masa lalu yang tragis.<br>\r\n\r\n<br>Sebagai informasi beberapa aktor ternama Korea juga terlihat turut berpartisipasi dalam drama ini, mulai dari Oh Joo Wan, Jung Woong In, Lee Kyoung Young, Jung Shin Hye, dan masih banyak lagi.<br>\r\n', '2023-11-02', 'moonintheday.jpg'),
(35, 4, 'Dihantam Pandemi Covid-19, Peringkat Indonesia di PISA 2022 Naik', 'Rania', 'Hasil studi PISA 2022 dirilis Kemendikbudristek , Selasa (5/12/2023). Berdasarkan hasil PISA 2022, peringkat hasil belajar literasi Indonesia berhasil naik 5 sampai 6 posisi dibanding hasil PISA 2018. Peningkatan ini merupakan capaian paling tinggi secara peringkat (persentil) sepanjang sejarah Indonesia mengikuti PISA. Menteri Pendidikan, Kebudayaan, Riset, dan Teknologi (Mendikbudristek), Nadiem Anwar Makarim, menyampaikan bahwa peningkatan peringkat ini menunjukkan ketangguhan sistem pendidikan Indonesia dalam mengatasi hilangnya pembelajaran (learning loss) akibat pandemi.<br> \r\n\r\n<br>“Untuk literasi membaca, peringkat Indonesia di PISA 2022 naik 5 posisi dibanding sebelumnya. Untuk literasi matematika, peringkat Indonesia di PISA 2022 juga naik 5 posisi, sedangkan untuk literasi sains naik 6 posisi,” jelasnya di Jakarta, melalui siaran pers, Selasa (5/12/2023). <br>\r\n\r\n<br>Peningkatan posisi Indonesia pada PISA 2022 mengindikasikan resiliensi yang baik dalam menghadapi pandemi Covid-19. Skor literasi membaca internasional di PISA 2022 rata-rata turun 18 poin, sedangkan skor Indonesia mengalami penurunan sebesar 12 poin, yang merupakan penurunan dengan kategori rendah dibandingkan negara-negara lain. <br>\r\n\r\n<br>Direktur untuk Pendidikan dan Keterampilan, Organisasi untuk Kerja Sama dan Pembangunan Ekonomi (Organisation for Economic Cooperation and Development, OECD), Andreas Schleicher memuji ketangguhan sistem pendidikan Indonesia, terutama di saat pandemi Covid-19. Beberapa tahun terakhir ini menurutnya merupakan masa yang sangat sulit. Namun, peserta didik Indonesia secara umum berhasil mempertahankan kualitas hasil pembelajaran dalam nilai PISA mereka. <br>\r\n\r\n<br>“Kami sampaikan selamat kepada Indonesia yang telah berhasil menjaga kualitas hasil pembelajaran. Hasil PISA ini juga menunjukkan bahwa para guru di Indonesia memberi dukungan yang baik para murid selama pandemi,” ucapnya bangga. <br>\r\n\r\n<br>Indonesia mengikuti PISA sejak pertama kali diselenggarakan pada tahun 2000. Keikutsertaan dalam PISA memungkinkan Indonesia memantau kualitas pendidikannya dari waktu ke waktu dan membandingkannya dengan negara lain. <br>\r\n\r\n<br>PISA diselenggarakan setiap tiga tahun oleh OECD untuk mengukur literasi membaca, matematika, dan sains pada murid berusia 15 tahun. Pada 2022, PISA diikuti oleh 81 negara, yang terdiri dari 37 negara OECD dan 44 negara mitra. Selain menggunakan PISA, sejak 2021 Indonesia telah melaksanakan Asesmen Nasional (AN) untuk memetakan kualitas pendidikan di setiap sekolah dan daerah secara lebih komprehensif.<br>\r\n\r\n<br><b>Mengapa Peringkat PISA Indonesia Naik?</b><br>\r\n\r\n<br>Mendikbudristek dalam paparannya mengutarakan bahwa relatif kecilnya learning loss mencerminkan ketangguhan para guru yang didukung berbagai program penanganan pandemi dari Kemendikbudristek. Alasan pertama berkaitan dengan akses daring. “Bantuan kuota internet diberikan pada lebih dari 25 juta murid dan 1,7 juta guru agar dapat mengakses materi dan melaksanakan pembelajaran secara daring,” tutur Nadiem.<br>\r\n\r\n<br>Faktor lain yang mendorong naiknya peringkat Indonesia pada PISA 2022 adalah pelatihan guru yang disediakan oleh Kemendikbudristek melalui Platform Merdeka Mengajar disertai adanya materi pembelajaran secara daring dan hibrida (hybrid).\r\n“Berbagai materi pembelajaran dibuat untuk membantu guru melaksanakan pembelajaran di masa pandemi. Ini mencakup materi “Belajar dari Rumah” di TVRI, modul asesmen diagnostik untuk mengukur literasi dan numerasi, modul pembelajaran literasi dan numerasi,” jelasnya. <br>\r\n\r\n<br>Terobosan yang tak kalah penting adalah pemberlakuan Kurikulum Darurat yang menyederhanakan materi kurikulum agar guru dapat fokus pada pembelajaran yang lebih mendalam, terutama untuk penguatan literasi dan numerasi peserta didik. <br>\r\n\r\n<br>“Penyederhanaan materi kurikulum efektif memitigasi learning loss. Sekolah yang menggunakan Kurikulum Darurat mengalami 1 bulan learning loss, dibanding 5 bulan di sekolah yang menerapkan Kurikulum 2013 secara penuh,“ imbuh Nadiem. Penyederhanaan materi ini menjadi salah satu prinsip utama dalam merancang Kurikulum Merdeka. <br>\r\n\r\n<br>Dengan prinsip ini, Kurikulum Merdeka mengurangi materi wajib di berbagai mata pelajaran agar guru punya waktu lebih untuk menggunakan pembelajaran yang mendalam, interaktif, dan berbasis projek. <br>\r\n\r\n<br>Kurikulum Merdeka menurut Nadiem, mendukung guru melakukan asesmen diagnostik dan pembelajaran yang sesuai dengan kemampuan tiap murid. Buku-buku teks Kurikulum Merdeka juga memuat lebih banyak aktivitas yang dirancang mengasah daya nalar. “Dengan demikian, pembelajaran dengan Kurikulum Merdeka tidak lagi berorientasi pada penyampaian materi, tapi mengasah kompetensi dan karakter murid,” tegasnya.<br>', '2023-05-12', 'edukasi1.jpeg'),
(36, 4, 'Gunung Padang Disebut Lebih Tua dari Piramid Mesir, Ini Kritik Para Ilmuwan Asing', 'Rania', 'Jakarta - Tahukah kamu Gunung Padang di Indonesia memiliki struktur tertua yang bahkan dianggap melebihi usia bangunan Piramid Mesir. Kira-kira bagaimanakah pendapat para ahli?<br>\r\n\r\n<br>Berdasarkan makalah ilmiah yang diterbitkan dalam Archaeological Prospection pada 20 Oktober 2023 lalu, bahwa situs prasejarah Gunung Padang yang berada di Jawa Barat, Indonesia dinyatakan sebagai struktur punden berundak tertua. Situs tersebut diperkirakan dibangun sejak 27.000 tahun yang lalu.<br>\r\n\r\n<br>Usia tersebut menjadikan struktur Gunung Padang mengalahkan Piramid Mesir yang berusia 4.600 tahun. Hal ini juga berarti mengalahkan situs megalitik tertua yaitu Gobekli Tepe di Turki yang dibangun pada 11.000 tahun yang lalu. Penemuan ini tentu akan mengubah anggapan tentang bangunan Piramid Mesir sebagai peradaban manusia yang maju.<br>\r\n\r\n<br>\"Piramida telah menjadi simbol peradaban maju. Tidak Mudah membangun piramida karena membutuhkan keterampilan batu yang tinggi,\" jelas Danny Hilman Natawidjaja, ahli geologi dari Badan Riset dan Inovasi Nasional (BRIN) Indonesia.<br>\r\n\r\n<br>Klaim ini yang kemudian membuat para ahli terkejut dan mempertanyakan banyak hal. Sebab, menurut keterangan dari Lutfi Yondri dari BRIN menyatakan bahwa penduduk wilayah situs tersebut menghuni gua-gua pada 12.000 hingga 6.000 tahun lalu. Artinya ada selisih 15.000 tahun antara usia punden berundak Gunung Padang dengan masa hidup manusia penghuni gua itu. Namun menurut riset menunjukkan bahwa pada periode tersebut tidak ada bukti ahli batu terkait pembangunan struktur Gunung Padang ini.<br>\r\n\r\n<br>\"Saya terkejut dengan apa yang ada di makalah ini meski disajikan data-data yang sah, namun mengenai usianya masih belum dibenarkan,\" kata Flint Dibble, arkeolog dari Universitas Cardiff, Inggris.<br>\r\n\r\n<br>Masih menjadi perdebatan para ilmuwan apakah punden berundak Gunung Padang terbentuk secara alami atau buatan manusia? Bila ada campur tangan manusia, siapakah yang membangun struktur awal punden berundak Gunung Padang? Hal ini mengingat ada selisih usia Gunung Padang dan manusia penghuni gua di sekitar Gunung Padang.<br>\r\n\r\n<br><b>Struktur Gunung Padang</b><br>\r\n\r\n<br>Struktur Gunung Padang terdiri dari lima teras batu berundak dengan dinding penahan dan tangga penghubung. Lokasinya berada di atas gunung berapi yang sudah punah dan tidak aktif.<br>\r\n\r\n<br>Situs tersebut telah diselidiki oleh Danny Hilman Natawidjaja dan rekan-rekannya antara tahun 2011 dan 2014 untuk mencari tahu apa yang ada di bawah teras. Hasilnya menunjukkan bahwa terdapat empat lapisan dengan masa pembangunan yang berbeda.<br>\r\n\r\n<br>Lapisan terdalam diketahui adalah inti lava yang mengeras dan telah dipahat. Lapisan berikutnya berbentuk seperti susunan batu bata dengan penanggalan karbon, menggunakan tanah di antara bebatuan yang berasal dari pengeboran lapisan inti.<br>\r\n\r\n<br>Pembangunan tahap pertama struktur ini diketahui terjadi antara 27.000 hingga 16.000 tahun yang lalu. Pembangunan dilanjut antara 8.000 dan 7.500 tahun yang lalu sampai pada lapisan terakhir antara 4.000 dan 3.100 tahun lalu.<br>\r\n\r\n<br>Dibble berpendapat bahwa tidak ada bukti yang jelas bahwa struktur ini dibangun oleh manusia atau hasil pelapukan alami dari pergerakan batu dari waktu ke waktu.<br>\r\n\r\n<br>\"Material yang menggelinding menuruni bukit rata-rata akan mengarahkan dirinya sendiri,\" jelasnya dalam situs Nature.<br>\r\n\r\n<br>Namun menurut Natawidjaja, batu-batu tersebut terlalu besar untuk dapat menggelinding secara teratur. Sementara itu para penulis melaporkan telah menemukan batu berbentuk belati di sana.<br>\r\n\r\n<br>\"Geometri reguler objek ini dan komposisi yang berbeda tidak berkaitan dengan batuan di sekitarnya, sehingga menandakan bahwa struktur ini berasal dari buatan manusia,\" kata Natawidjaja.<br>\r\n\r\n<br>Meski begitu, Dibble tetap bersikeras bahwa tidak ada bukti sisa-sisa aktivitas pembangunan yang dilakukan manusia.<br>\r\n\r\n<br><b>Menjadi Perdebatan</b><br>\r\n\r\n<br>Situs Gunung Padang ditayangkan dalam film dokumenter Netflix 2022 berjudul Ancient Apocalypse, yang dibawakan oleh penulis Inggris, Graham Hancock. Dalam film tersebut, ia menyebutkan bahwa peradaban global yang maju telah musnah pada 12.000 tahun yang lalu pada akhir zaman es.<br>\r\n\r\n<br>Natawidjaja mengatakan bahwa karena Gunung Padang dibangun sebelum akhir zaman es, maka hal ini menunjukkan orang-orang masa itu mampu membangun struktur yang kompleks.<br>\r\n\r\n<br>Tapi menurut Bill Farley, makalah ini belum memberikan bukti bahwa peradaban maju ada selama zaman es terakhir. Meski sampel tanahnya berusia 27.000 tahun, namun tidak ada ciri aktivitas manusia.<br>\r\n\r\n<br>Catatan arkeologi menunjukkan bahwa transisi masyarakat pemburu pengumpul ke masyarakat kompleks terjadi setelah dimulainya masa Holosen pada 11.700 tahun yang lalu. Di mana kota tertua yang diketahui memiliki bukti tersebut adalah situs Catalhoyuk di Turki dengan usia 9.000 tahun.<br>\r\n\r\n<br>Untuk saat ini makalah penelitian ini masih diselidiki lebih lanjut oleh Archaeological Prospection dan penerbitnya, Wiley dan Eileen Ernenwein seorang ahli geofisika dari Universitas Tennessee State.<br>\r\n\r\n<br>Farley menjelaskan bahwa Gunung Padang patut dijadikan sebagai situs yang menakjubkan dan keren. Bukan karena tentang perkembangan peradaban manusia dan narasi lain tentangnya.<br>\r\n\r\n<br>Perdebatan para ahli ini membuat Natawidjaja berharap agar tidak terjadi perselisihan di antara masyarakat siapapun dan memberi kesempatan kepada para peneliti dunia untuk melakukan penelitian di Gunung Padang.<br>', '2023-12-05', 'edukasi2.jpeg'),
(37, 4, '20 PTN Terbaik di ASEAN Versi AppliedHE 2024, IPB Masuk 3 Besar', 'Rania', 'Jakarta - AppliedHE merilis pemeringkatan perdana khusus perguruan tinggi negeri (PTN) di The AppliedHE Public University Ranking: ASEAN 2024. Sebanyak 80 PTN yang masuk ranking berasal dari Malaysia, Indonesia, Kamboja, Filipina, Thailand, Brunei, dan Singapora.<br>\r\n\r\n<br>Pemeringkatan PTN merupakan cabang baru dari pemeringkatan AppliedHE, yang semula berfokus pada perguruan tinggi swasta (PTS). Pemeringkatan ini disusun berdasarkan kualitas belajar belajar mengajar (40%), tingkat serapan lulusan menjadi tenaga kerja (15%), riset (15%), keterlibatan dengan masyarakat (10%), internasionalisasi (10%), dan reputasi institusional (10%).<br>\r\n\r\n<br><b>PTN Terbaik di ASEAN Versi AppliedHE 2024</b><br>\r\n\r\n<br>1. Universiti Kebangsaan Malaysia (UKM), Malaysia\r\n<br>Skor: 75,94<br>\r\n\r\n<br>2. National University of Singapore (NUS), Singapura\r\n<br>Skor: 73,73<br>\r\n\r\n<br>3. IPB University , Indonesia\r\n<br>Skor: 73,67<br>\r\n\r\n<br>4. Nanyang Technological University (NTU), Singapura\r\n<br>Skor: 73,19<br>\r\n\r\n<br>5. Mahidol University, Thailand\r\n<br>Skor: 71,126<br>\r\n\r\n<br>6. Universiti Putra Malaysia (UPM), Malaysia\r\n<br>Skor: 69,83<br>\r\n\r\n<br>7. Universiti Malaya (UM), Malaysia\r\n<br>Skor: 69,47<br>\r\n\r\n<br>8. Universiti Brunei Darussalam (UBD), Brunei\r\n<br>Skor: 69,05<br>\r\n\r\n<br>9. Universiti Teknologi Brunei, Brunei\r\n<br>Skor: 68,77<br>\r\n\r\n<br>10. Universiti Sains Malaysia (USM), Malaysia\r\n<br>Skor: 68,16<br>\r\n\r\n<br>11. Universitas Indonesia (UI), Indonesia\r\n<br>Skor: 68,07<br>\r\n\r\n<br>12. Institut Teknologi Bandung (ITB), Indonesia\r\n<br>Skor: 67,24<br>\r\n\r\n<br>13. Universitas Gadjah Mada (UGM), Indonesia\r\n<br>Skor: 67,23<br>\r\n\r\n<br>14. Chulalongkorn University, Thailand\r\n<br>Skor: 67,08<br>\r\n\r\n<br>15. Universitas Padjadjaran (Unpad), Indonesia\r\n<br>Skor: 66,58<br>\r\n\r\n<br>16. Universitas Airlangga (Unair), Indonesia\r\n<br>Skor: 66,46<br>\r\n\r\n<br>17. Universiti Teknologi Malaysia, Malaysia\r\n<br>Skor: 65,81<br>\r\n\r\n<br>18. Institut Teknologi Sepuluh Nopember (ITS), Indonesia\r\n<br>Skor: 64,89<br>\r\n\r\n<br>19. Universiti Utara Malaysia (UUM), Malaysia\r\n<br>Skor: 63,44<br>\r\n\r\n<br>20. University of the Philippines, Filipina\r\n<br>Skor: 62,75<br>', '2023-12-03', 'edukasi3.jpeg'),
(38, 4, 'Peneliti Australia Temukan Dokumenter Bersejarah RI yang Hilang', 'Rania', 'Jakarta - Film dokumenter Indonesia yang hilang dari sejarah telah kembali ke Tanah Air. Dokumenter itu berisi kunjungan perdana menteri pertama India, Jawaharlal Nehru, ke Indonesia pada tahun 1950.<br>\r\n\r\n<br>Kepala Arsip Nasional Republik Indonesia (ANRI), Imam Guntoro, mengungkapkan Indonesia tidak memiliki film tentang kunjungan itu, hanya berupa foto.<br>\r\n\r\n<br>\"Indonesia tidak punya. Tapi keberadaannya kebetulan ada di Australia dan sekarang dikembalikan secara digital ke ANRI. Di Indonesia ada tetapi hanya foto saja,\" ungkapnya di Kantor ANRI, Jalan Ampera Nomor 7, Jakarta, Selasa (5/12/2023).<br>\r\n\r\n<br>\"Jadi sangat penting sekali untuk melengkapi dokumentasi tentang hubungan Indonesia dan India yang sangat luar biasa erat pada waktu itu,\" sambungnya.<br>\r\n\r\n<br>Penemu film itu merupakan seorang akademisi Australia dari University of Melbourne David Hanan. Ia melaporkan penemuan itu kepada Kedutaan Besar Australia untuk Indonesia.<br>\r\n\r\n<br><b>Cerita Peneliti Australia Temukan Dokumenter</b><br>\r\n\r\n<br>Jauh sebelum penyerahan dokumenter, David Hanan sudah lebih dulu bersentuhan dengan bukti sejarah itu. Saat itu, Hanan dan rekan peneliti tidak tahu jika dokumenter tersebut merupakan bukti kunjungan Jawaharlal Nehru ke Indonesia.<br>\r\n\r\n<br>\"Mereka tidak begitu tahu dari mana film ini datang dan mereka tidak bisa baca. Tapi saya cukup menyadari ini adalah film dari Indonesia,\" jelasnya.<br>\r\n\r\n<br>Hanan melanjutkan, waktu itu ia beranggapan jika film dokumenter kunjungan Nehru juga ada di Indonesia. Kemudian di tahun 2012, ia berkesempatan untuk melakukan penelitian ke Indonesia.<br>\r\n\r\n<br>Hanan melanjutkan penelitiannya tentang film dokumenter itu. Ia bertanya kepada para ahli baik di Taman Ismail Marzuki (TIM) dan Institut Kesenian Jakarta (IKJ).<br>\r\n\r\n<br>\"Tidak ada orang yang pernah nonton film ini,\" ujarnya.<br>\r\n\r\n<br>\"Akhirnya saya menyadari kemungkinan ada copy di ANRI,\" sambungnya.<br>\r\n\r\n<br>Hanan akhirnya mengunjungi ANRI untuk memastikan keberadaan salinan dari film dokumenter tersebut. Pencarian itu ternyata nihil.<br>\r\n\r\n<br>\"Saya lupa tahun persis dan kami menanyakan apa ada Nehru Visit Indonesia dan mereka tidak bisa menemukannya. Mereka bilang kami tidak punya film di sini,\" jelasnya.<br>\r\n\r\n<br>Menurut penjelasan Hanan, pada saat itu ANRI hanya memiliki foto-foto dari kunjungan Nehru. Tetapi tidak ada film dokumenter dari peristiwa tersebut.<br>\r\n\r\n<br>\"Saya menentukan saya harus menemukan jalan supaya film ini, digital copy film ini, yang dikembalikan ke Indonesia,\" ungkapnya.<br>\r\n\r\n<br>Hanan kemudian menghubungi Kedutaan Besar Australia untuk Indonesia. Pada Selasa, 5 Desember 2023, dokumenter kunjungan Nehru ke Indonesia akhirnya sampai ke Tanah Air.<br>', '2023-12-05', 'edukasi4.jpeg'),
(39, 4, 'Studi: Tingkatkan Kualitas Guru untuk Naikkan Kemampuan Numerasi Siswa', 'Rania', 'Jakarta - Guru berpengaruh pada kemampuan numerasi anak, terutama bagi siswa berkemampuan rendah. Untuk itu, pembelajaran berdiferensiasi atau yang sesuai dengan kebutuhan anak oleh guru penting untuk mendukung peningkatan kemampuan numerasi siswa.<br>\r\n\r\n<br>Hasil studi Research on Improving System od Education (RISE) - The Smeru Research Institute di Kota Bukittinggi pada 67 guru SD honorer lulusan S1 menunjukkan temuan tersebut.<br>\r\n\r\n<br>\"Guru yang memiliki kompetensi sangat baik berdampak pada perubahan anak dengan kemampuan rendah. Dengan diferensiasi teaching. Saat mengajar, anak diberikan pengajaran sesuai dengan kemampuannya yang rendah atau yang tinggi,\" kata peneliti The Smeru Research Institute Asri Yusrina di Forum Diskusi Peningkatan Kualitas Pendidikan Dasar yang digelar Tanoto Foundation bersama The Smeru Research Institute di Gedung A Kemendikbudristek Jakarta, Selasa (5/12/2023).<br>\r\n\r\n<br>Di sisi lain, studi juga mendapati bahwa kompetensi antarguru masih berbeda-beda. Asri mengatakan, karenanya pelatihan bagi guru, terutama bagi guru dalam jabatan merupakan hal yang penting.<br>\r\n\r\n<br>Agar efektif, sambungnya, pelatihan perlu memungkinkan guru untuk dapat memilih pelatihan sesuai kemampuan dan kebutuhannya masing-masing.<br>\r\n\r\n<br>\"Pelatihan, khususnya bagi guru dalam jabatan, menjadi penting untuk meningkatkan kompetensi pengajarannya,\" kata Asri.<br>\r\n\r\n<br><b>Pelatihan yang Disesuaikan untuk Tiap Guru</b><br>\r\n\r\n<br>Asri menuturkan, sebelumnya pada survei kebutuhan guru dengan Dinas Pendidikan DKI Jakarta, guru menjalani tes kemampuan. Pelatihan bagi guru-guru kemudian disesuaikan berdasarkan hasil surveinya.<br>\r\n\r\n<br>\"Nah sekarang kan sudah ada Rapor Pendidikan. Dari Rapor Pendidikan itu sebenarnya sudah ada hasilnya ya, misalnya skornya sekian,\" kata Asri pada detikEdu.<br>\r\n\r\n<br>\"Misalnya di literasi masih rendah. Di Rapor Pendidikan ada semacam button untuk guru ketika sekolah mereka itu nilai literasi atau numerasinya rendah. Nah apa sih pelatihan yang harus mereka ikutin? Dari situ masuk platform DKI, mereka bisa memilih pelatihan yang sesuai dengan mereka,\" imbuhnya.<br>\r\n\r\n<br>Asri mengamini, Rapor Pendidikan belum memiliki hasil pengukuran kemampuan guru. Untuk itu pada studi sebelumnya, guru menjalani tes kemampuan sambil menjalani pengecekan motivasi dan kebutuhannya.<br>\r\n\r\n<br>\"Kalau di Rapor Pendidikan itu sudah dari hasil AN, Asesmen Nasional. Jika hasil sekolah rendah, guru-guru harus ikut pelatihan ini, misalnya. Itu disesuaikan dengan hasil pembelajaran siswa. Nah di situ bedanya. Tepai secara teknis itu sama, pelatihan guru itu didasarkan pada kebutuhan muridnya atau kebutuhannya sendiri,\" terang Asri.<br>\r\n\r\n<br><b>Kepala Sekolah Didampingi</b><br>\r\n\r\n<br>Sementara itu, merespons kompetensi kepala sekolah yang juga beragam, Asri mengatakan perlu pendampingan kepala sekolah. Harapannya, kepala sekolah dapat memberikan umpan balik (feedback) dan supervisi sehingga meningkatkan efektivitas pelatihan peningkatan pengajaran guru.<br>\r\n\r\n<br>\"Saat studi dengan Dinas Pendidikan Provinsi DKI Jakarta, selain mensurvei gurunya, kami juga memberkan pelatihan ya, dampingan pada kepala sekolah. Karena sebaiknya guru-guru yang sudah mengikuti pelatihan itu harus ada follow-up-nya begitu,\" terangnya.<br>\r\n\r\n<br>\"Karena itu bentuk dampingannya tadi kita ada interfacing, nggak hanya ke guru dengan metode pelatihan yang berbasis kebutuhan, tetapi juga mendampingi kepala sekolah,\" sambung Asri.<br>\r\n\r\n<br><b>Pelatihan Sesuai Motivasi dan Kecakapan Guru</b><br>\r\n\r\n<br>Asri menjabarkan, desain pelatihan guru dapat menjadi efektif jika disesuaikan dengan motivasi dan kecakapan guru. Berdasarkan motivasi dan kecakapannya, terdapat guru dengan motivasi dan skill tinggi, motivasi tinggi dan kecakapan rendah, motivasi rendah dan kecakapan tinggi, serta kecakapan dan motivasi rendah.<br>\r\n\r\n<br>\"Pelatihan sesuai kebutuhan guru. Guru motivasi tinggi, contohnya baik yang kemampuannya tinggi atau rendah, menjadi efektif pelatihannya jika bisa memilih pelatihan sendiri,\" terangnya.<br>\r\n\r\n<br>\"Sedangkan yang lowly motivated, peran kepala sekolah atau pemimpin pembelajaran jadi penting untuk mendukung lingkungan pembelajaran efektif,\" sambung Asri.<br>\r\n\r\n<br>Soal motivasi guru, studi sebelumnya mendapati bahwa motivasi dan kecakapan guru juga dipengaruhi jenjang kariernya. Asri menjelaskan, ketika memiliki jenjang karier, setiap guru jadi punya kewajiban meningkatkan kompetensi sesuai jenjang karier.<br>\r\n\r\n<br>\"Guru itu tidak ada jenjang karier ya, jadi pilihan merekalah untuk meningkatkan kapasitas mereka sendiri, kompetensi mereka sendiri,\" kata Asri.<br>\r\n\r\n<br>\"Jika di Singapura ada guru madya, guru mahir, dan guru pemimpin, nah itu belum ada di Indonesia,\" imbuhnya.<br>\r\n\r\n<br>Temuan kualitatif studinya mendapati, beberapa guru-guru dengan motivasi rendah merupakan guru yang justru berada di \"zona nyaman\" seperti sudah sertifikasi atau jalan profesi.<br>\r\n\r\n<br>\"Mungkin yang sudah sertifikasi, atau sudah mendapatkan jalan profesi. Tapi bukan sebagian besar begitu,\" jelas Asri.<br>\r\n\r\n<br>Ia menegaskan, penguatan kualitas pengajaran tidak hanya di level guru, tetapi juga dukungan kepala sekolah.<br>\r\n\r\n<br>\"Jadi sama-sama bergerak, baik itu kepala sekolah maupun guru gitu, guru berkeinginan meningkatkan kompetensinya secara mandiri. Kepala sekolah juga berkeinginan untuk tadi sebagai pemimpin pembelajaran, dia ingin per satuan pendidikannya menjadi lebih baik, menciptakan lingkungan belajar yang lebih baik,\" pungkasnya.<br>', '2023-12-05', 'edukasi5.jpeg'),
(40, 3, 'Perlunya Sistem Imunitas Tubuh Kala Musim Pancaroba ', 'Aprilisa', 'Pada November menuju awal Desember 2023, terjadi outbreak pneumoniae misterius di China yang dikenal dengan outbreak new emerging disease. <br>\r\n\r\n<br>Saat ini, outbreak pneumoniae misterius tersebut telah merebak ke beberapa negara di luar China seperti di negara Eropa (Belanda dan Denmark), bahkan dikabarkan sudah masuk ke Indonesia. <br>\r\n\r\n<br>Kejadian merebaknya outbreak pneumoniae seakan mengingatkan kita terhadap kejadian yang sama kurang lebih empat tahun lalu di mana pada saat itu terjadi wabah misterius yang kemudian setelah diidentifikasi dikenal sebagai corona virus disease-19 (COVID-19). <br>\r\n\r\n<br>Kejadian outbreak Mycoplasma pneumoniae merupakan kejadian fenomenal yang saat ini terjadi. Penyakit ini sering merebak pada akhir tahun yang dikaitkan dengan suhu dan musim dingin. Pada musim dingin tersebut bakteri, virus, jamur tumbuh subur. <br>\r\n\r\n<br>Outbreak pneumoniae misterius kebanyakan menginfeksi anak-anak, sehingga perlu mendapat perhatian khusus.<br>\r\n\r\n<br>Jika tidak ditangani, maka kemungkinan dapat menjadi outbreak lagi mengingat pada saat ini outbreak mycoplasma pneumoniae juga dibarengi dengan peningkatan outbreak COVID-19 di beberapa negara, termasuk di Indonesia, Malaysia, dan Singapura. <br>\r\n\r\n<br>Kebanyakan penyakit infeksi bersifat self-limiting disease yang berarti dapat hilang timbul atau sembuh muncul dan sepenuhnya bergantung terhadap kekuatan sistem imunitas tubuh kita.<br>\r\n\r\n<br>Perlu menjadi perhatian juga, hampir seluruh penyakit yang berhubungan dengan sistem pernafasan ditularkan dalam bentuk airborne disease atau aerosol airborne disease.<br>\r\n\r\n<br>Penyakit tersebut masuk pertama kali melalui rute jalan pernafasan kita. Munculnya manifestasi penyakit tersebut secara umum adalah demam, kelemahan, yang bergantung terhadap kekuatan dan kuatnya sistem imunitas seseorang.<br>\r\n\r\n<br>Di dalam tubuh kita, terdapat sistem imunitas yang diibaratkan seperti tentara di suatu negara. Tentunya negara pasti memiliki musuh. Nah, tugas tentara tersebut untuk menjaga keamanan dan kedaulatan negara.<br>\r\n\r\n<br>Jika tentara tersebut kuat atau dalam kendali, maka negara akan baik-baik saja. Sebaliknya, apabila tentara kekuatannya berkurang atau sedang dalam kondisi tidak baik-baik saja, maka yang dikhawatirkan adalah musuh dapat menginvasi, bahkan dapat menghancurkan negara.<br> \r\n\r\n<br>Analogi tersebut dapat diibaratkan sistem imunitas pada manusia. Sistem imunitas diperankan oleh sel darah putih dan sel lainnya yang terdapat di dalam tubuh manusia. Secara alamiah, sistem imunitas manusia terdiri dari dua garis besar, yaitu: sistem imunitas alamiah dan sistem imunitas adaptif. Tujuan dari kedua sistem imunitas tersebut sama, bertahan dari serangan atau serbuan mikroorganisme atau pun lainnya.<br>\r\n\r\n<br>Sistem imunitas dalam tubuh manusia tidak statis, melainkan dinamis yang berubah-ubah dan dipengaruhi keadaan sekeliling dan emosi seseorang.<br>\r\n\r\n<br><b>Pancaroba</b><br>\r\n\r\n<br>Musim pancaroba perlu menjadi perhatian kita. Sebagian besar wilayah di Indonesia tengah memasuki musim pancaroba, terjadi peralihan dari musim panas atau kemarau ke penghujan.<br>\r\n\r\n<br>Umumnya, musim pancaroba dapat berpengaruh terhadap sistem imunitas di tubuh kita. Kebanyakan pengaruh tersebut berupa penurunan sistem imunitas.<br>\r\n\r\n<br>Dengan penurunan pada sistem imunitas, maka akan berdampak terhadap rentannya seseorang untuk menderita suatu penyakit, terlebih lagi penyakit yang saat ini tengah meningkat, yaitu Mycoplasma pneumoniae atau COVID-19.<br>\r\n\r\n<br>Maka, sistem imunitas perlu dijaga. Rutin berolahraga (bisa dalam bentuk cycling, jogging, ataupun running santai) pada pagi hari dapat meningkatkan sistem imunitas tubuh. Namun, tentunya dalam batasan-batasan koridor yang disesuaikan dengan keadaan seseorang.<br>\r\n\r\n<br>Dengan menjaga sistem imunitas tubuh, kita berusaha mengurangi kemungkinan tertularnya penyakit. Secara tidak langsung menjaga orang di sekitar kita yang rentan terhadap tertularnya penyakit (orangtua atau pun anak-anak yang baru lahir).<br>\r\n\r\n<br>Selain itu, alangkah baiknya jika kesadaran untuk menjaga sistem imunitas juga dibarengi peningkatan Perilaku Hidup Bersih dan Sehat (PHBS) seperti sering mencuci tangan dengan sabun atau hand sanitizer.<br>\r\n\r\n<br>Paling penting adalah menerapkan penggunaan masker lagi ketika beraktivitas dan berada pada daerah yang terdapat banyak orang di dalamnya.<br>\r\n\r\n<br>Banyak mengkonsumsi buah-buahan dan sayur-sayuran segar juga dapat membantu menjaga sistem imunitas sehingga sistem imunitas dapat tetap prima.<br>', '2023-12-06', 'kesehatan1.jpg'),
(41, 3, 'Kapan Kita Perlu Konsumsi Suplemen Vitamin C? Begini Faktanya ', 'Aprilisa', 'Vitamin C adalah nutrisi penting yang diperlukan tubuh untuk meningkatkan sistem kekebalan atau imunitas. Vitamin C dapat diperoleh dari berbagai buah dan sayuran.<br>\r\n\r\n<br>Namun, Anda mungkin merasa perlu mendapat tambahan vitamin C dengan mengonsumsi suplemen. Nah, kapan sebaiknya kita harus mengonsumsi suplemen vitamin C?<br>\r\n\r\n<br>Sebelum menyimak penjelasannya, ketahui dahulu berbagai manfaat vitamin C berikut : <br>\r\n\r\n<br><b>Kapan perlu mengonsumsi suplemen vitamin C?</b><br>\r\n\r\n<br>Untuk diketahui, kekebalan tubuh atau imunitas yang kuat merupakan hal penting dalam menjaga kesehatan tubuh, terutama dalam mencegah penyebaran penyakit dan infeksi. <br>\r\n\r\n<br>Salah satu nutrisi yang diperlukan untuk mendukung sistem kekebalan tubuh adalah vitamin C. Asupan vitamin C dapat ditemukan dalam berbagai makanan sehari-hari seperti buah jeruk, tomat, dan sayuran hijau. <br>\r\n\r\n<br>Namun, Anda mungkin memerlukan tambahan suplemen vitamin C dalam bentuk pil, tablet, atau sirup pada kondisi tertentu.<br>\r\n\r\n<br>Dilansir dari Medicinet, berikut beberapa kondisi yang mungkin membuat seseorang perlu mengonsumsi suplemen vitamin C: <br>\r\n\r\n<br><b> - Saat kondisi cuaca sedang ekstrem atau musim penyakit</b><br> \r\n\r\n<br>Selama musim flu atau saat terpapar cuaca ekstrem, sistem kekebalan tubuh dapat diuji secara maksimal. Pada saat-saat ini, suplemen vitamin C dapat membantu meningkatkan daya tahan tubuh dan membantu melawan infeksi.<br>\r\n\r\n<br><b> - Dalam masa pemulihan setelah sakit atau menjalani operasi</b><br>\r\n\r\n<br>Selama masa penyembuhan setelah operasi atau penyakit serius, tubuh memerlukan lebih banyak nutrisi untuk mempercepat proses penyembuhan. Vitamin C memainkan peran kunci dalam pembentukan jaringan dan pemulihan sel.<br>\r\n\r\n<br><b> - Ketika memiliki aktivitas yang padat dan dilanda stres</b><br>\r\n\r\n<br>Memiliki aktivitas yang padat dan dilanda stres, serta kurangnya konsumsi makanan bergizi dan seimbang mengakibatkan defisiensi vitamin C. Dalam situasi seperti ini, suplemen dapat memberikan dorongan tambahan. <br>\r\n\r\n<br><b> - Membantu saat seseorang tidak mendapat buah dan sayur yang cukup</b><br>\r\n\r\n<br>Jika pola makan sehari-hari kurang mencakup berbagai jenis buah dan sayuran yang kaya vitamin C, suplemen dapat membantu memenuhi kebutuhan harian.<br>\r\n\r\n<br><b> - Saat menjalani diet tertentu</b><br>\r\n\r\n<br>Individu yang menjalani diet khusus, seperti vegetarian atau vegan, mungkin mengalami kesulitan mendapatkan jumlah vitamin C yang cukup dari sumber makanan. Dalam hal ini, suplemen dapat menjadi pilihan yang baik. <br>\r\n\r\n<br><b> - Pada kondisi kesehatan tertentu</b><br> \r\n\r\n<br>Beberapa kondisi kesehatan tertentu, seperti ketika mengalami masalah pencernaan yang dapat menghambat penyerapan nutrisi, Anda mungkin memerlukan suplemen vitamin C untuk memastikan pasokan yang adekuat. <br>\r\n\r\n<br>Penting untuk diingat bahwa sebagian besar orang dapat memenuhi kebutuhan vitamin C mereka melalui makanan sehat. Namun, Anda sebaiknya berkonsultasi dahulu dengan dokter sebelum mengonsumsi suplemen vitamin C.<br>\r\n\r\n', '2023-12-06', 'kesehatan2.jpg'),
(42, 3, 'Jamu Itu Tidak Sama dengan Obat Fitofarmaka, Perbedaannya?', 'Aprilisa', 'Jamu merupakan ramuan berasal dari tanaman atau tumbuhan kemudian diolah lalu dikonsumsi karena diyakini mampu membuat kondisi kesehatan seseorang lebih baik. Sementara itu, ada juga obat fitofarmaka yang berasal dari bahan alam tapi lewat studi panjang.<br>\r\n\r\n<br>\"Ini masih membingungkan bagi masyarakat Indonesia karena kenyataannya masyarakat masih belum memahami sepenuhnya,\" kata Kepala Instalasi Farmasi RSUP Nasional Dr. Cipto Mangunkusumo, Dr. apt. Rina Mutiara, M.Pharm mengutip Antara.<br>\r\n\r\n<br>\"Masyarakat beranggapan jamu adalah obat, padahal ada perbedaan mendasar antara jamu dan fitofarmaka dalam dunia medis,\" kata Rina dalam diskusi secara daring pada Senin, 4 Desember 2023.<br>\r\n\r\n<br>Rina menjelaskan bahwa jamu biasanya berdasarkan resep turun temurun. Tidak memerlukan studi dan uji klinik dalam membuat jamu.<br>\r\n\r\n<br>Berbeda halnya dengan fitofarmaka. Berasal dari bahasa Yunani, phyto yang berarti tanaman dan pharmakon yang berarti obat.<br> \r\n\r\n<br>Fitofarmaka merupakan sediaan obat bahan alam yang telah dibuktikan keamanan dan khasiatnya secara ilmiah dengan uji pra-klinik dan uji klinik, bahan baku, dan produk jadi terstandardisasi.<br>\r\n\r\n<br>Meski begitu, Rina mengatakan bahwa penggunaan fitofarmaka tetap dapat melibatkan aspek sosial dan budaya yang perlu dipertimbangkan, termasuk keyakinan lokal dan praktik tradisional.<br>\r\n\r\n<br><b>BPOM Beri Izin Edar 24 Obat Fitofarmaka</b><br>\r\n\r\n<br>Rina menuturkan bahwa sejauh ini pihak Badan Pengawas Obat dan Makanan (BPOM) telah mengeluarkan 24 jenis obat fitofarmaka di Indonesia.<br>\r\n\r\n<br>Berikut diantaranya obat fitofarmaka di Indonesia:<br>\r\n\r\n- obat imunomodulator<br>\r\n- obat tukak lambung<br>\r\n- obat antidiabetes untuk menurunkan gula darah<br>\r\n- obat antihipertensi untuk menurunkan tekanan darah<br>\r\n- obat untuk melancarkan sirkulasi darah supaya tidak terjadi sumbatan di pembuluh darah<br>\r\n- obat untuk meningkatkan albumin bagi pasien yang membutuhkan protein seperti pasien haemodialisa/cuci darah.<br>', '2023-12-05', 'kesehatan4.jpeg');
INSERT INTO `berita` (`id_berita`, `id_kategori`, `judul`, `penulis`, `isi_berita`, `tgl_rilis`, `gambar`) VALUES
(43, 3, 'Fitur Screen Distance di iOS 17 Bisa Jaga Kesehatan Mata, Simak Cara Pakainya', 'Aprilisa', 'Screen Distance, merupakan fitur kesehatan baru pada iPhone dan iPad yang menjalankan iOS 17. Fitur ini disebut dapat menjadi solusi efektif untuk mencegah ketegangan mata dan menurunkan risiko miopia pada anak-anak.<br>\r\n\r\n<br>Dikembangkan oleh Mosyle, sebuah Platform Terpadu Apple, fitur baru di iOS 17 ini memungkinkan pengguna untuk menjaga jarak yang sehat antara mata dan layar, memberikan manfaat khususnya bagi kesehatan visual.<br>\r\n\r\n<br>Untuk menggunakan Screen Distance pada iOS 17, berikut adalah langkah-langkahnya:<br>\r\n\r\n1. Buka aplikasi Pengaturan pada iPhone atau iPad dengan ID Wajah yang menjalankan iOS 17.<br>\r\n2. Pilih opsi Screen Time, lalu temukan dan ketuk Screen Distance.<br>\r\n3. Aktifkan fitur Screen Distance dengan mengetuk Lanjutkan.<br>\r\n\r\n<br>Diwartakan 9to5Mac, seperti dikutip Senin (4/12/2023), setelah mengaktifkan Screen Distance, perangkat akan memantau jarak antara layar dan mata.<br>\r\n\r\n<br>Apple menekankan, fitur ini tidak mengambil gambar atau video, serta data yang dikumpulkan tetap berada di perangkat, tidak dibagikan dengan Apple.<br>\r\n\r\n<br>Ketika menggunakan Screen Distance, pengguna akan menerima pemberitahuan pop-up jika wajahnya terlalu dekat dengan layar.<br>\r\n\r\n<br>Dengan menjauhkan perangkat dari wajah, pengguna dapat keluar dari pop-up tersebut dan melanjutkan penggunaan dengan jarak yang lebih sehat.<br>\r\n\r\n<br>Fitur baru di iOS ini diharapkan dapat membantu mengurangi risiko miopia pada anak-anak serta mencegah ketegangan mata pada pengguna umum.<br>\r\n\r\n<br>Dengan memanfaatkan teknologi untuk meningkatkan kesadaran akan jarak optimal antara mata dan layar, Screen Distance diharapkan dapat menjadi langkah sederhana tapi efektif dalam menjaga kesehatan visual pengguna iPhone dan iPad.<br>\r\n', '2023-12-04', 'kesehatan5.png'),
(44, 3, 'Manfaat Kurma Ajwa Bagi Kesehatan, Dianjurkan Rasulullah', 'Aprilisa', 'Kurma menjadi salah satu buah yang banyak ditemukan di negara Timur Tengah, seperti Arab, Irak, dan sekitarnya. Bentuk buah ini lonjong dengan ukuran dua sampai 7,5 cm dengan warna cokelat gelap kemerahan, beberapa ada yang kuning muda.<br>\r\n\r\n<br>Ada banyak jenis dari buah kurma sendiri, salah satunya kurma ajwa, yaitu kurma yang rasanya manis dan teksturnya lembut. Selain itu, kurma ajwa dipercaya memiliki sederet manfaat yang baik untuk kesehatan.<br>\r\n\r\n<br>Beberapa penelitian menyebutkan bahwa buah kurma ajwa mengandung karbohidrat, protein, lemak, garam mineral, vitamin, glukosa, dan fruktosa.<br>\r\n\r\n<br>Kemudian, ada polifenol sebagai antioksidan yang disebut kandungannya lebih tinggi dibandingkan kurma dan buah kering lainnya. Diketahui, antioksidan baik untuk mencegah kanker, diabetes, dan penyakit kardiovaskular.<br>\r\n\r\n<br>Penelitian lain menyebutkan bahwa kurma ajwa memiliki kandungan beta dglucan sebagai anti-tumor. Serta, adanya efek potensi dalam memperbaiki kerusakan dari ochratoxin nepherotoxicity yang bisa menyebabkan gagal ginjal.<br>\r\n\r\n<br>Untuk manfaat lainnya dari kurma ajwa yang baik bagi kesehatan, antara lain menetralisir asam pada perut, mengatasi sembelit, sebagai anti diabetes, dan mencegah anemia.<br>\r\n\r\n<br>Untuk mendapatkan kurma ajwa, Anda bisa memperolehnya di PT Barakada Indo Alanshary lewat situs barakadates.id. Kurma Ajwa Baraka Al Anshary memiliki kualitas yang tinggi dengan harga terbaik.<br>\r\n\r\n<br>Owner Ajwa Baraka Al Anshary, Abdurahman Achmad Al Anshary, menyarankan untuk memakan kurma ajwa sebanyak tujuh buah setiap harinya untuk mendapatkan manfaat secara maksimal.<br>\r\n\r\n<br>\"Biasanya kurma ajwa dikonsumsi sebanyak tujuh buah setiap harinya, karena berdasarkan hadist Nabi <b>Barangsiapa di pagi hari memakan tujuh butir kurma ajwa, maka ia tidak akan terkena racun dan sihir pada hari itu (Muttafaqun ‘alaih. HR. Bukhari, no. 5779 dan Muslim, no. 2047),</b>\" ucap Abdurrahman, dalam keterangan tertulisnya, Jumat (1/12/2023).<br>\r\n\r\n<br>Kurma ini menawarkan bukan hanya rasa yang lezat, tetapi juga beragam manfaat kesehatan, menjadikannya pilihan yang tepat bagi Anda yang mencari makanan bergizi dan menyehatkan.<br>\r\n', '2023-12-05', 'kesehatan3.png'),
(45, 6, 'Bocoran Kawasaki W175 Pakai Pelek Alloy, Mau Meluncur di India', 'Nizar', 'Kawasaki India baru saja menyebarkan bocoran motor baru yang akan meluncur saat India Bike Week, Jumat (8/12/2023). Dugaan kuat motor tersebut adalah Kawasaki W175 dengan pelek alloy.<br>\r\n\r\n<br>Lalu, dilihat dari profil bannya, sangat cocok dengan W175 yang masuk kategori entry level seri W. Ubahan yang disematkan ke W175 tampak cuma pada bagian kosmetik saja, seperti pelek dan stiker di tangki.<br>\r\n\r\n<br>Selain itu, untuk sektor mesin tampak tidak ada perubahan yang berarti. Paling penyematan ban tubeless saja, mengingat peleknya yang sudah alloy, bukan lagi jari-jari.<br>\r\n\r\n<br>Berarti di sektor mesin, kemungkinan tetap memakai mesin satu silinder 177cc berpendingin udara. Tenaga yang dihasilkan sekitar 13 TK dan torsi 13,2 Nm. Soal harga, Kawasaki W175 yang lama dijual sekitar 147.000 Rupee atau setara Rp 27 jutaan. Tapi sayang, motor entry level ini kurangg laku di India, alami kesulitan penjualan.<br>', '2023-12-06', 'otomotif1.jpeg'),
(46, 6, 'Antidote Pro7 Diesel War 2023 – MAKIN LARUT MAKIN PARTY', 'Nizar', 'Perjalanan kali ini membawa tim DeepEnd ke Jawa Tengah, tepatnya ke Solo. DeepEnd sejatinya sering sekali berkunjung ke Jawa Tengah, banyak memori dan teman di area ini. Namun kali ini tujuannya bukan hanya untuk silaturahmi saja, melainkan untuk event Diesel War 2023.<br>\r\n\r\n<br>Ajang ini didukung oleh Pro7 Auto Lighting. Ituloh, mereka yang banyak jual lampu mini projie (proyektor) dan modifikasi lampu yang digandrungi anak-anak diesel. Organisirnya, tak lain DeepEnd Event Promotor.<br>\r\n\r\n<br>DeepEnd sudah standby sejak tanggal 31 September, H-2 acara. Lapangannya ternyata keren, apalagi dipadukan dengan latar gedung De Tjolomadoe yang historis. Lanjut ke H-1, peserta mulai datang.<br>\r\n\r\n<br>Perlu dipahami banyak peserta yang datang dari luar Jawa Tengah, bahkan beberapa berangkat ke Solo sehabis pulang kerja dari kota masing-masing. Salut untuk semangatnya mengikuti acara ini.<br>\r\n\r\n<br>Begitu jam 7 malam, bukannya makin sepi, malah datang rombongan, bahkan yang jauh dari Medan dan Riau. Tim Jawa Timur pun datang sampai lebih dari 30 mobil. Maaf ya masyarakat sekitar, karena sempat macet saking ramainya. Lanjut ke besok paginya. Dari pagi jam 9, peserta masih terus berdatangan, utamanya dari area Jakarta dan sekitarnya. Masuk terus, pantang mundur.<br>\r\n', '2023-09-09', 'otomotif2.jpeg'),
(47, 6, 'Vespa Edisi Mickey Mouse Hadir di Indonesia, Segini Harganya', 'Nizar', 'Jakarta - Vespa Primavera edisi Mickey Mouse resmi dijual di Indonesia. Edisi spesial ini menjadi bentuk perayaan ulang tahun ke-100 perusahaan Disney.<br>\r\n\r\n<br>Vespa edisi Mickey Mouse ini sejatinya sudah diperkenalkan secara global pada Juni 2023. Kemudian Vespa dari basis Primavera ini resmi dijual di Indonesia, Rabu (6/12/2023).<br>\r\n\r\n<br>Ciri khas kolaborasi Vespa dan Mickey Mouse ini terlihat dari penggunaan warna dan grafis. Motor edisi spesial ini menggunakan warna hitam-merah, dan kuning.<br>\r\n\r\n<br>Kombinasi warna itu mewakili karakter kartun Mickey Mouse. Terutama jika melihat spion berwarna hitam metalik layaknya telinga besar karakter tersebut.<br>\r\n\r\n<br>Selanjutnya pola grafis putih yang menggambarkan siluet karakter menghiasi shield depan kendaraan dan kedua sisi kendaraan roda dua ini.<br>\r\n\r\n<br>Fender depan dan list rodanya diberi warna kuning, sama seperti sepatu Mickey. Tak kalah menarik, tersemat tanda tangan Mickey Mouse di sadel dan sisi depan kendaraan. Selain itu, terdapat sentuhan chrome pada beberapa detail membuat penampilan kendaraan semakin menawan.<br>\r\n\r\n<br>\"Perkenalan Disney Mickey Mouse Edition by Vespa mengajak mereka yang memiliki jiwa muda untuk terus mengekspresikan imajinasi secara bebas dan kreatif. Edisi ini membawa nilai-nilai seperti kreativitas, imajinasi, dan keceriaan, yang selalu menjadi ciri khas Vespa,\" tutup Marco.<br>\r\n\r\n<br>Tidak ada perbedaan spesifikasi mesin dengan Primavera pada umumnya. Vespa edisi Mickey Mouse ini dijejali jantung pacu 155 cc i-get satu silinder, 4 stroke, 3 katup yang bisa memuntahkan tenaga 9,5 kW di 7.750 rpm dan torsi 12,8 Nm di 6.500 rpm.<br>\r\n\r\n<br>Soal harga, dalam website resmi Vespa dijual Rp 60.200.000, harga itu on the road untuk wilayah Jakarta, Depok, Tangerang, dan Bekasi.<br>', '2023-12-06', 'otomotif3.jpeg'),
(48, 6, 'Melirik Harga Mobil Bekas Honda Brio Menjelang Akhir 2023', 'Nizar', 'Jakarta - Mobil Honda Brio sudah cukup lama diperkenalkan di Indonesia. Mobil mungil ini sudah memasuki generasi keduanya sejak tahun 2018, hingga saat ini belum ada perubahan spesifikasi yang signifikan pada Honda Brio.<br>\r\n\r\n<br>Pada tahun 2022 lalu, PT Honda Prospect Motors (HPM) hanya memberikan minor change pada Brio RS Urbanite. Pembaruannya sebatas warna bodi dan pelek baru, serta desain spoiler belakang yang berbeda.<br>\r\n\r\n<br>Dengan demikian, meminang Honda Brio dalam kondisi bekas menjadi pilihan yang menarik. Harga Brio di pasar mobil bekas cenderung cukup terjangkau, terutama untuk generasi pertamanaya.<br>\r\n\r\n<br>Meminang Honda Brio dalam kondisi bekas terbilang sebagai pilihan yang menarik. Generasi pertama banyak dijual dengan harga yang terjangkau, membuat mobil ini cocok bagi konsumen yang mengingingkan mobil dengan rasa berkendara sporti.<br>\r\n\r\n<br>Sedangkan Brio generasi kedua mempunyai spesifikasi yang sama tipa tahunnya. Dengan demikian konsumen dapat menggunakan uang sisa pembelian sebagai upgrade fitur, seperti penambahan kamera belakang atau lainnya.<br>\r\n\r\n<br>Berikut rincian harga bekas Honda Brio, disitat dari beragam situs jual-beli mobil bekas di Indonesia:<br>\r\n\r\nHonda Brio Gen.1 tahun 2012-2017 Rp 80-130 jutaan<br>\r\nHonda Brio Gen.1 RS tahun 2016-2018 Rp 120-150 jutaan<br>\r\nHonda Brio Gen.2 tahun 2018-sekarang Rp 140-160 jutaan<br>\r\nHonda Brio RS Gen.2 tahu 2018-sekarang Rp 160-190 jutaan<br>', '2023-12-06', 'otomotif4.jpeg'),
(49, 6, 'Penjualan Honda Turun 5,4 Persen pada Oktober 2023, Brio Masih Jadi Tulang Punggung', 'Nizar', 'Jakarta - PT Honda Prospect Motor (HPM) mencatatkan penjualan retail atau dari diler ke konsumen pada Oktober 2023 sebanyak 9.611 unit. Jumlah tersebut, turun 5,4 persen dibanding bulan sebelumnya, September 2023 sebanyak 10.170 unit.<br>\r\n\r\n<br>Pencapaian pabrikan berlambang huruf H ini, mengandalkan beberapa model, seperti all new CR-V yang berhasil mencatatkan retail sebanyak 534 unit atau meningkat sebesar 71 persen dibandingkan September 2023.<br>\r\n\r\n<br>Honda Brio masih menjadi tulang punggung Honda dengan mencatatkan penjualan sebanyak 4.494 unit, HR-V sebanyak 1.474 unit, BR-V sebanyak 1.361 unit, WR-V sebanyak 1.241 unit.<br>\r\n\r\n<br>Sementara itu, model Honda lainnya seperti Mobilio terjual 251 unit, City Hatchback RS 150 unit, Civic RS 67 unit, new Accord 14 unit, new City 16 unit serta Civic Type R hanya 9 unit.<br>\r\n\r\n<br>\"Hingga akhir tahun ini, kami akan terus berusaha menyegarkan pasar dengan berbagai aktivitas dan program penjualan yang memudahkan konsumen melakukan pembelian mobil Honda,\" jelas Yusak Billy, Sales & Marketing and After Sales Director PT HPM, dalam keterangan resmi, Kamis (16/11/2023).<br>\r\n\r\n<br>Secara total, dari Januari hingga Oktober 2023 penjualan retail Honda mencapai 106.637 unit. Jumlah tersebut meningkat sebesar 7 persen dibanding periode yang sama tahun lalu.<br>', '2023-11-07', 'otomotif5.jpeg');

-- --------------------------------------------------------

--
-- Table structure for table `kategori`
--

CREATE TABLE `kategori` (
  `id_kategori` int(11) NOT NULL,
  `nama_kategori` varchar(30) NOT NULL
) ENGINE=InnoDB DEFAULT CHARSET=utf8mb4;

--
-- Dumping data for table `kategori`
--

INSERT INTO `kategori` (`id_kategori`, `nama_kategori`) VALUES
(1, 'Olahraga'),
(2, 'Makanan'),
(3, 'Kesehatan'),
(4, 'Edukasi'),
(5, 'Politik'),
(6, 'Otomotif'),
(9, 'Global'),
(10, 'Entertainment');

-- --------------------------------------------------------

--
-- Table structure for table `komentar`
--

CREATE TABLE `komentar` (
  `id_komentar` int(11) NOT NULL,
  `id_berita` int(11) DEFAULT NULL,
  `id_user` int(11) DEFAULT NULL,
  `isi_komentar` text NOT NULL,
  `tgl_komen` datetime NOT NULL
) ENGINE=InnoDB DEFAULT CHARSET=utf8mb4;

--
-- Dumping data for table `komentar`
--

INSERT INTO `komentar` (`id_komentar`, `id_berita`, `id_user`, `isi_komentar`, `tgl_komen`) VALUES
(1, 18, 2, 'Lorem ipsum, dolor sit amet consectetur adipisicing elit.', '2023-11-29 07:48:31'),
(2, 18, 3, 'Lorem ipsum, dolor sit amet consectetur adipisicing elit.', '2023-11-29 12:48:31'),
(3, 19, 4, 'Lorem ipsum, dolor sit amet consectetur adipisicing elit.', '2023-11-30 14:50:16');

-- --------------------------------------------------------

--
-- Table structure for table `saran_berita`
--

CREATE TABLE `saran_berita` (
  `id_saran_berita` int(11) NOT NULL,
  `id_kategori` int(11) DEFAULT NULL,
  `id_user` int(11) DEFAULT NULL,
  `judul` varchar(255) NOT NULL,
  `isi_berita` text NOT NULL,
  `gambar` varchar(255) NOT NULL
) ENGINE=InnoDB DEFAULT CHARSET=utf8mb4;

--
-- Dumping data for table `saran_berita`
--

INSERT INTO `saran_berita` (`id_saran_berita`, `id_kategori`, `id_user`, `judul`, `isi_berita`, `gambar`) VALUES
(1, 10, 2, 'Berita 6', 'Lorem ipsum, dolor sit amet consectetur adipisicing elit.', '6562d3c74b3cd.jpg'),
(2, 3, 3, 'Berita 3', 'Lorem ipsum, dolor sit amet consectetur adipisicing elit.', '6562d3c74b3cd.jpg'),
(3, 1, 5, 'Berita 1', 'Lorem ipsum, dolor sit amet consectetur adipisicing elit.', '6562d3c74b3cd.jpg');

-- --------------------------------------------------------

--
-- Table structure for table `user`
--

CREATE TABLE `user` (
  `id_user` int(11) NOT NULL,
  `username` varchar(100) NOT NULL,
  `password` varchar(100) NOT NULL,
  `role` enum('admin','user') NOT NULL
) ENGINE=InnoDB DEFAULT CHARSET=utf8mb4;

--
-- Dumping data for table `user`
--

INSERT INTO `user` (`id_user`, `username`, `password`, `role`) VALUES
(1, 'Kelompok3', 'admin', 'admin'),
(2, 'Aprilisa', 'user1', 'user'),
(3, 'Rania', 'user2', 'user'),
(4, 'Christoper', 'user3', 'user'),
(5, 'Irfan', 'user4', 'user'),
(6, 'Nizar', 'user5', 'user');

--
-- Indexes for dumped tables
--

--
-- Indexes for table `berita`
--
ALTER TABLE `berita`
  ADD PRIMARY KEY (`id_berita`),
  ADD KEY `fk_berita_kategori` (`id_kategori`);

--
-- Indexes for table `kategori`
--
ALTER TABLE `kategori`
  ADD PRIMARY KEY (`id_kategori`);

--
-- Indexes for table `komentar`
--
ALTER TABLE `komentar`
  ADD PRIMARY KEY (`id_komentar`),
  ADD KEY `fk_komentar_berita` (`id_berita`),
  ADD KEY `fk_komentar_user` (`id_user`);

--
-- Indexes for table `saran_berita`
--
ALTER TABLE `saran_berita`
  ADD PRIMARY KEY (`id_saran_berita`),
  ADD KEY `fk_saran_user` (`id_user`),
  ADD KEY `fk_saran_kategori` (`id_kategori`);

--
-- Indexes for table `user`
--
ALTER TABLE `user`
  ADD PRIMARY KEY (`id_user`);

--
-- AUTO_INCREMENT for dumped tables
--

--
-- AUTO_INCREMENT for table `berita`
--
ALTER TABLE `berita`
  MODIFY `id_berita` int(11) NOT NULL AUTO_INCREMENT, AUTO_INCREMENT=50;

--
-- AUTO_INCREMENT for table `kategori`
--
ALTER TABLE `kategori`
  MODIFY `id_kategori` int(11) NOT NULL AUTO_INCREMENT, AUTO_INCREMENT=12;

--
-- AUTO_INCREMENT for table `komentar`
--
ALTER TABLE `komentar`
  MODIFY `id_komentar` int(11) NOT NULL AUTO_INCREMENT, AUTO_INCREMENT=8;

--
-- AUTO_INCREMENT for table `saran_berita`
--
ALTER TABLE `saran_berita`
  MODIFY `id_saran_berita` int(11) NOT NULL AUTO_INCREMENT, AUTO_INCREMENT=7;

--
-- AUTO_INCREMENT for table `user`
--
ALTER TABLE `user`
  MODIFY `id_user` int(11) NOT NULL AUTO_INCREMENT, AUTO_INCREMENT=10;

--
-- Constraints for dumped tables
--

--
-- Constraints for table `berita`
--
ALTER TABLE `berita`
  ADD CONSTRAINT `fk_berita_kategori` FOREIGN KEY (`id_kategori`) REFERENCES `kategori` (`id_kategori`) ON DELETE SET NULL ON UPDATE SET NULL;

--
-- Constraints for table `komentar`
--
ALTER TABLE `komentar`
  ADD CONSTRAINT `fk_komentar_berita` FOREIGN KEY (`id_berita`) REFERENCES `berita` (`id_berita`) ON DELETE SET NULL ON UPDATE SET NULL,
  ADD CONSTRAINT `fk_komentar_user` FOREIGN KEY (`id_user`) REFERENCES `user` (`id_user`) ON DELETE SET NULL ON UPDATE SET NULL;

--
-- Constraints for table `saran_berita`
--
ALTER TABLE `saran_berita`
  ADD CONSTRAINT `fk_saran_kategori` FOREIGN KEY (`id_kategori`) REFERENCES `kategori` (`id_kategori`) ON DELETE SET NULL ON UPDATE SET NULL,
  ADD CONSTRAINT `fk_saran_user` FOREIGN KEY (`id_user`) REFERENCES `user` (`id_user`) ON DELETE SET NULL ON UPDATE SET NULL;
COMMIT;

/*!40101 SET CHARACTER_SET_CLIENT=@OLD_CHARACTER_SET_CLIENT */;
/*!40101 SET CHARACTER_SET_RESULTS=@OLD_CHARACTER_SET_RESULTS */;
/*!40101 SET COLLATION_CONNECTION=@OLD_COLLATION_CONNECTION */;
