-- phpMyAdmin SQL Dump
-- version 5.2.1
-- https://www.phpmyadmin.net/
--
-- Host: 127.0.0.1
-- Waktu pembuatan: 12 Des 2023 pada 09.33
-- Versi server: 10.4.32-MariaDB
-- Versi PHP: 8.2.12

SET SQL_MODE = "NO_AUTO_VALUE_ON_ZERO";
START TRANSACTION;
SET time_zone = "+00:00";


/*!40101 SET @OLD_CHARACTER_SET_CLIENT=@@CHARACTER_SET_CLIENT */;
/*!40101 SET @OLD_CHARACTER_SET_RESULTS=@@CHARACTER_SET_RESULTS */;
/*!40101 SET @OLD_COLLATION_CONNECTION=@@COLLATION_CONNECTION */;
/*!40101 SET NAMES utf8mb4 */;

--
-- Database: `beritakel3`
--

-- --------------------------------------------------------

--
-- Struktur dari tabel `berita`
--

CREATE TABLE `berita` (
  `id_berita` int(11) NOT NULL,
  `id_kategori` int(11) DEFAULT NULL,
  `judul` varchar(255) DEFAULT NULL,
  `penulis` varchar(30) DEFAULT NULL,
  `isi_berita` text DEFAULT NULL,
  `tgl_rilis` date DEFAULT NULL,
  `gambar` varchar(255) DEFAULT NULL
) ENGINE=InnoDB DEFAULT CHARSET=utf8mb4 COLLATE=utf8mb4_general_ci;

--
-- Dumping data untuk tabel `berita`
--

INSERT INTO `berita` (`id_berita`, `id_kategori`, `judul`, `penulis`, `isi_berita`, `tgl_rilis`, `gambar`) VALUES
(18, 5, 'Profil Maruli Simanjuntak, Sosok KSAD Baru yang Dilantik Jokowi', 'Christopher', 'Jakarta - Presiden Joko Widodo (Jokowi) telah melantik Maruli Simanjuntak sebagai Kepala Staf Angkatan Darat (KSAD). Maruli mengisi posisi yang sebelumnya diemban oleh Jenderal Agus Subiyanto, yang kini telah resmi menjadi Panglima TNI.\r\nDengan jabatannya sebagai KSAD, Maruli Simanjuntak kini menyandang pangkat Jenderal TNI. Sebelumnya, Maruli menjabat sebagai Panglima Komando Cadangan Strategis Angkatan Darat (Pangkostrad)<br>\r\n\r\n<br>Lantas, seperti apa sosok Jenderal TNI Maruli Simanjuntak yang kini telah resmi dilantik menjadi KSAD baru? Simak informasi profil Maruli Simanjuntak berikut ini:<br>\r\n\r\n<br>Dihimpun dari catatan redaksi detikcom, Maruli Simanjuntak, M.Sc. sebelumnya menjabat sebagai Panglima Kostrad (Pangkostrad) sejak tanggal 31 Januari 2022. Maruli Simanjuntak adalah seorang Abituren Akademi Militer (Akmil) tahun 1992.<br>\r\n\r\n<br>Maruli lahir pada tanggal 27 Februari 1970 di Bandung, Jawa Barat (Jabar). Maruli merupakan anak ketiga dari lima bersaudara dari pasangan Batak yang merantau ke Jawa. Ayahnya berprofesi sebagai guru dan ibunya seorang perawat.<br>\r\n\r\n<br>Sejak awal karier, Maruli pernah dipercaya memegang sejumlah jabatan strategis di Korps Baret Merah. Di antaranya yaitu, Komandan Batalyon (Danyon) 21 Grup 2 Kopassus, Komandan Sekolah Komando Pusat Pendidikan dan Latihan Pasukan Khusus (Pusdikpassus).<br>\r\n\r\n<br>Maruli juga dipercaya sebagai Wakil Komandan Grup 1 Kopassus. Dia lalu dipercaya mengisi posisi sebagai Komandan Grup 2 Kopassus sampai tahun 2014. Di tahun yang sama, Maruli dipercaya menjadi Komandan Grup A Pasukan Pengamanan Presiden (Paspampres) sampai tahun 2016.<br>\r\n\r\n<br>Pada tahun 2016, Maruli mengemban jabatan sebagai Komandan Korem (Danrem) 074/Warastratama. Saat menjabat Danrem 074, Maruli meraih Penghargaan sebagai Danrem terbaik dalam bidang Upaya Khusus (Upsus) Ketahanan Pangan Tingkat Nasional tahun 2016.<br>\r\n\r\n<br>Pada tahun 2017 hingga 2018, Maruli kemudian ditunjuk untuk menduduki jabatan sebagai Wakil Komandan Paspampres. Satu tahun berikutnya, Maruli Simanjuntak menjabat sebagai Kepala Staf Komando Daerah Militer (Kasdam) IV/Diponegoro.<br>\r\n\r\n<br>Selanjutnya, sosok Maruli Simanjuntak mendapatkan promosi menjabat sebagai Komandan Paspampres dan berlanjut memegang tongkat komando sebagai Pangdam IX/Udayana. Maruli mulai menjabat sebagai Pangkostrad pada awal tahun 2022 lalu.<br>\r\n\r\n<br>Kini, usai dilantik oleh Presiden Jokowi pada tanggal 29 November 2023, Maruli Simanjuntak telah resmi menjabat sebagai KSAD baru, menggantikan Jenderal Agus Subiyanto, yang kini menjadi Panglima TNI. Maruli kini juga resmi menyandang pangkat sebagai Jenderal TNI.<br>\r\n', '2023-11-29', 'ksad-jenderal-maruli-simanjuntak-dok-youtube-sekretariat-presiden_169.png'),
(19, 1, 'Francesco Camarda Sabtu Bikin Sejarah, Senin Masuk Sekolah', 'Christopher', 'Penyerang AC Milan berumur 15 tahun, Francesco Camarda, mencetak sejarah baru pada hari Sabtu (25/11/2023). Selang dua hari, dia harus kembali menuntut ilmu. Partai pekan ke-13 Liga Italia 2023-2024 antara Milan vs Fiorentina, Sabtu (25/11/2023) atau Minggu (26/11/2023) dini hari WIB, menjadi panggung bersejarah bagi Francesco Camarda. Camarda yang merupakan kelahiran tahun 2008 dimainkan oleh pelatih Milan, Stefano Pioli pada menit ke-83. Ketika hendak masuk lapangan, Camarda diantar publik San Siro dengan pekik menggelegar. Seisi San Siro kompak meneriakkan nama “Camarda!” usai sang announcer pertandingan mengucapkan “Francesco”.<br>\r\n\r\n<br>Sejarah tercipta. Bermain dalam usia 15 tahun, 8 bulan, plus 15 hari, Camarda resmi menjadi pemain termuda yang pernah mentas di ajang Liga Italia. Camarda mengusangkan rekor pemain Bologna, Wisdom Amey, yang menuai debut di Serie A Liga Italia pada usia 15 tahun, 9 bulan, plus 1 hari. Sehari setelah mencatat debut bersejarah bersama Milan, Camarda kembali ke sentra latihan klub di Milanello, Minggu (26/11/2023). Ia datang bersama kedua orangtuanya dan sang anjing peliharaan. Tak lupa, Camarda membawa traktiran berupa kue-kue manis untuk rekan setimnya di Milan. Camarda meneruskan tradisi lama di Milan, di mana seorang debutan wajib membawa produk pastry untuk dilahap bersama-sama.<br>', '2023-11-29', 'olahraga.jpg'),
(28, 9, 'Menlu Retno di DK PBB: Saya Tak Paham <b>Statement</b> Macam Apa yang Disampaikan PM Israel', 'Aprilisa', 'Menteri Luar Negeri RI Retno Marsudi mengatakan bahwa jeda kemanusiaan yang sedang berlangsung saat ini terlalu rapuh untuk memperbaiki situasi di Gaza.<br>\r\n\r\n<br>“Indonesia menyambut baik tentunya truce (gencatan senjata sementara) yang berlangsung saat ini, namun pertanyaannya adalah apakah ini sudah mencukupi? Indonesia berpendapat (hal ini) belum mencukupi,” ujar Retno kepada VOA usai menghadiri pertemuan Dewan Keamanan PBB di New York, Rabu (29/11/2023). <br>\r\n\r\n<br>Retno hadir dalam pertemuan itu bersama para menteri luar negeri Organisasi Kerja Sama Islam (OKI) yang sedang melakukan kunjungan ke negara-negara anggota tetap DK PBB untuk menyerukan gencatan senjata di Gaza.<br>\r\n\r\n<br>Di hadapan dewan yang saat ini diketuai oleh China itu, Retno mengaku tidak habis pikir dengan pernyataan Perdana Menteri Israel Benjamin Netanyahu, yang sebelumnya berulang kali menyatakan bahwa pasukannya akan melanjutkan serangan untuk menumpas Hamas begitu jeda pertempuran berakhir.<br>\r\n\r\n<br>“Saya tidak bisa memahami statement macam apa yang disampaikan oleh perdana menteri Israel ini,” ujar Retno kepada VOA. “Dewan Keamanan PBB harus mencegah agar kekerasan tidak terulang lagi di Gaza.”<br>\r\n\r\n<br>Pada gilirannya, Perwakilan Tetap Israel di PBB Gilad Erdan menyangkal anggapan bahwa konflik yang tengah berlangsung saat ini antara negaranya dan Hamas adalah konflik politik atau bahkan perebutan lahan. Ia menilainya sebagai upaya penghancuran Israel dan bangsa Yahudi.<br>\r\n\r\n<br>“Hamas tidak peduli dengan masyarakat di Gaza. Yang mereka inginkan hanyalah menerapkan solusi akhir Hitler. Dan tidak ada yang dapat mengubah ideologi genosida. Ini harus dicerabut dan diberantas,” ungkap Erdan dalam pertemuan DK PBB.<br>\r\n\r\n<br>Pertengahan November lalu, DK PBB mengadopsi Resolusi 2712 yang menyerukan jeda kemanusiaan mendesak dan diperpanjang di Jalur Gaza untuk memfasilitasi penyediaan barang dan jasa yang penting bagi penduduk setempat. <br>\r\n\r\n<br>Pada pertemuan DK PBB hari Rabu, Sekretaris Jenderal PBB Antonio Guterres menegaskan perlunya “gencatan senjata kemanusiaan yang sesungguhnya” dan mencapai solusi dua negara.<br>\r\n\r\n<br>Pertemuan dewan pada hari Rabu bertepatan dengan peringatan Hari Solidaritas Internasional untuk Warga Palestina, yang diperingati setiap 29 November sejak 1977.<br>\r\n\r\n<br>Sebelum ke New York, Komite Menteri-menteri Luar Negeri KTT Gabungan OKI dan Liga Arab, termasuk Menlu RI Retno Marsudi, sudah lebih dulu mengunjungi empat negara anggota tetap Dewan Keamanan PBB lainnya, yaitu China, Rusia, Inggris dan Perancis. Setidaknya China dan Rusia menyatakan dukungan mereka terhadap upaya untuk mencapai gencatan senjata tersebut.<br>', '2023-11-29', 'menlu.jpg'),
(29, 10, 'Frozen 3 Sedang Digarap, Disney Bocorkan Bakal Ada Film Keempat?', 'Aprilisa', 'Kepala Staf Kreatif Animasi Disney Jennifer Lee membeberkan informasi terbaru mengenai proyek terbarunya Frozen 3. <br>\r\n\r\n<br>Melansir laman Deadline pada Selasa (28/11/2023), Jennifer mengungkapkan timnya telah bekerja keras dalam membuat film ketiga dari waralaba Frozen tersebut. <br>\r\n\r\n<br>Jennifer Lee juga memberikan petunjuk mengenai proyek Frozen lain yang kemungkinan besar bakal diproduksi di masa yang akan datang.<br>\r\n\r\n<br>“Hanya apa yang telah kami bagikan, yaitu tim bekerja keras, kami sangat bersemangat dengan cerita yang kami bentuk bersama,” terang Jennifer dalam wawancaranya. <br>\r\n\r\n<br>“Itu sangat epik, sehingga mungkin tidak cocok untuk satu film saja,” sambungnya. <br>\r\n\r\n<br>Tak hanya Jennifer, nyatanya Bob Iger selaku CEO dari Disney juga telah memberikan petunjuk mengenai film keempat dari Frozen sejak jauh-jauh hari. <br>\r\n\r\n<br>Melalui wawancara dengan Good Morning America, Iger menyatakan jika proses pengerjaan film Frozen 4 juga berkemungkinan terjadi.<br>\r\n\r\n<br>“Frozen 3 sedang dalam pengerjaan dan mungkin ada Frozen 4 juga dalam pengerjaan,” ucap CEO itu. <br>\r\n\r\n<br>Masih dalam wawancaranya, Iger mengatakan jika Jennifer Lee telah berupaya keras dalam membuat dua cerita dari waralaba tersebut. <br>\r\n\r\n<br>Berkat itu, Iger mengungkapkan jika ia terpesona dengan proyek terbarunya itu dan sangat gembira karenanya. <br>\r\n\r\n<br>“Jennifer Lee yang menciptakan Frozen dan Frozen 2 yang asli, bekerja keras dengan timnya di Disney Animation bukan hanya pada satu tapi sebenarnya dua cerita,” ucapnya. <br>\r\n\r\n<br>“Mereka menyediakan waktu bagi saya untuk bekerja dengan tim kreatif di dalamnya. Dan saya terpesona. Saya sangat gembira,” ujarnya.<br>\r\n', '2023-11-28', 'frozen.png'),
(30, 10, '4 Fakta Detective Conan yang Tak Banyak Diketahui', 'Irfan', 'Cerita tentang Shinichi Kudo, seorang anak SMA jenius yang kemudian terjebak dalam tubuh anak laki-laki berusia 8 tahun bernama Conan Edogawa memiliki daya tarik tersendiri untuk penggemarnya. <br>\r\n\r\n<br>Memakai identitas Conan, Shinichi menyelesaikan berbagai teka-teki pembunuhan. Di balik identitasnya itu, ada beberapa fakta lain tentang Conan yang mungkin tak diketahui banyak orang, berikut diantaranya.<br>\r\n\r\n<br><b>1. Asal mula nama Conan</b><br>\r\n\r\n<br>Adegan ini sebenarnya bisa ditemukan di salah satu episode Conan. Tapi untuk yang terlewatkan, cukup diketahui bahwa saat itu Shinichi yang berubah menjadi anak kecil memaksanya untuk menemukan identitas lain dengan cepat. <br>\r\n\r\n<br>Dengan cepat dia menemukan nama barunya dengan melihat-lihat lingkungannya. Nama depannya adalah Conan, yang diambil dari nama Arthur Conan Doyle, pencipta Sherlock Holmes.<br>\r\n\r\n<br>Sementara nama belakangnya Edogawa, diambil dari Edogawa Ranpo, nama pena seorang penulis fiksi Jepang yang terkenal. Tapi, yang cukup menarik di sini, nama pena ini merupakan referensi dari penulis Edgar Allen Poe.<br>\r\n\r\n<br><b>2. Buta nada</b><br>\r\n\r\n<br>Tidak ada yang namanya seseorang yang hebat dalam segala hal. Meskipun merupakan detektif terbaik dan pemain sepak bola yang cukup handal, Conan sangat buruk dalam bernyanyi. <br>\r\n\r\n<br>Dia kadang-kadang digambarkan sebagai buta nada karena dia sangat buruk dalam bernyanyi dengan kunci.<br>\r\n\r\n<br>Namun, meskipun demikian, karakter ini sebenarnya dapat mendengar dengan nada yang sempurna, dan pernah mampu menyelesaikan sebuah kasus di awal serial ini karena dia mampu menguraikan pesan dengan memainkan piano dengan nada yang tepat.<br>\r\n\r\n<br><b>3. FBI tahu identitasnya</b><br> \r\n\r\n<br>Sejak awal, konsep utama dari jalan cerita Case Closed adalah tentang menjaga identitas Conan yang dulu sebagai Shinichi tetap rahasia. <br>\r\n\r\n<br>Dia tidak dapat memberi tahu sebagian besar orang dalam hidupnya yang dia sayangi karena takut mempertaruhkan nyawa mereka untuk melawan Organisasi Hitam. <br>\r\n\r\n<br>Hanya beberapa orang yang benar-benar mengetahui apa yang terjadi pada Shinichi, dan beberapa di antaranya adalah anggota FBI. <br>\r\n\r\n<br>Ya, FBI sesekali muncul dalam Case Closed karena keterlibatan mereka dalam menumpas Organisasi Hitam, kelompok yang telah mereka incar selama dua puluh tahun.<br>\r\n\r\n<br><b>4. Orangtua Conan</b><br>\r\n\r\n<br>Sebagai Shinichi Kudo, Conan tumbuh bersama Yusaku dan Yukiko, dua orang yang luar biasa. <br>\r\n\r\n<br>Yusaku adalah seorang novelis terkenal yang juga seorang anak laki-laki jenius, sementara ibunya Yukiko adalah seorang aktris terkenal yang pensiun untuk berkeluarga dengan Yusaku. <br>\r\n\r\n<br>Sejak saat itu, keduanya mendorong Shinichi untuk menemukan jalannya sendiri, tetapi begitu mereka menyadari masalah yang dihadapinya, mereka berpura-pura menjadi Organisasi Hitam, melakukan upaya palsu dalam hidupnya untuk membantu Shinichi menyadari bahaya yang dihadapinya.<br>\r\n', '2023-11-28', 'conan.png'),
(31, 10, 'The Last of Us Season 2 Mulai Syuting Januari 2024', 'Irfan', 'Setelah sukses dengan musim pertama, kini serial populer The Last of Us akan kembali menghibur para penonton. <br>\r\n\r\n<br>Kelanjutan kisah dari dunia apokalips itu akan segera tiba melalui musim keduanya yang rencananya bakal mulai diproduksi pada 2024. <br>\r\n\r\n<br>Informasi tersebut diperoleh berdasarkan unggahan X yang sempat diposting oleh akun The Hollywood Handle pada 14 November 2023 lalu.<br>\r\n\r\n<br>Dalam postingannya, disebutkan bahwa The Last of Us Season 2 akan memulai proses syutingnya pada 7 Januari 2024. <br>\r\n\r\n<br>Selain itu, tercantum pula sebuah tautan menuju laman Film and Television Industry Alliance (FTIA) di mana di dalamnya terdapat informasi mengenai proses pra-produksi The Last of Us Season 2. <br>\r\n\r\n<br>Proses syuting serial ini bakal dilakukan di Vancouver, Kanada. Nama Neill Druckmann yang sebelumnya menggarap musim pertama The Last of Us juga akan kembali memproduseri musim keduanya ini.<br>\r\n\r\n<br>Sama seperti musim sebelumnya, aktor Pedro Pascal juga akan kembali memerankan Joel, diikuti oleh Bella Ramsey sebagai Ellie, Gabriel luna sebagai Tommy, hingga Rutina wesley sebagai Maria. <br>\r\n\r\n<br>Sebagai informasi, serial live-action The Last of Us diangkat berdasarkan video gim populer dengan nama sama yang dirilis pada 2013 lalu. <br>\r\n\r\n<br>Gim ini dikembangkan oleh Naughty Dog dan Sony Interactive Entertainment, sedangkan untuk serial live-actionnya diproduksi oleh HBO.<br>\r\n\r\n<br>Serial ini menceritakan kisah Joel, seorang pria paruh baya yang mengawal seorang wanita muda bernama Ellie melintasi Amerika Serikat yang dilanda infeksi virus.<br>', '2023-11-27', 'thelastofus.jpg'),
(32, 10, 'Tayang November di Indonesia, Catat Harga Tiket Film Taylor Swift The Eras Tour', 'Aprilisa', 'Kabar bahagia buat para swifties Indonesia! Film Taylor Swift The Eras Tour bakal segera tayang serempak di bioskop Indonesia. Taylor Swift The Eras Tour nantinya akan bisa disaksikan di Indonesia pada 3 November 2023. Bagi yang belum tahu, Taylor Swift The Eras Tour adalah film dokumenter yang akan menampilkan perjalanan tur konser Taylor. Khususnya dalam pertunjukkan di SoFi Stadium, Los Angeles, Amerika Serikat pada Agustus 2023 lalu. <br>\r\n\r\n<br>Di sutradari oleh Sam Wrench, film ini akan menampilkan 40 lagu dalam konser dengan durasi 2 jam 48 menit.  Hal ini tentu sangat memanjakan para fans yang tidak bisa menyaksikan konser secara langsung. <br>\r\n\r\n<br>Sebab, penonton film Taylor Swift The Eras Tour akan merasakan pengalaman berbeda saat menonton film seakan sedang melihat langsung idolanya bernyanyi. Nah untuk swifties Indonesia yang ingin menyaksikan film dokumenter ini, kamu bisa membeli tiketnya secara presale.<br>\r\n\r\n<br>Melansir Tribunnews, CBI Picture selaku distributor film Indonesia menyebut tiket presale akan dijual mulai 27 Oktober 2023.  Adapun untuk harga tiketnya sendiri berbeda antara satu daerah dengan daerah lainnya. Berikut rinciannya: <br>\r\n\r\n<br>- Untuk Jabodetabek, Bandung, Surabaya, Medan, dan Semarang : Rp200.000 <br>\r\n\r\n<br>- Kota lain : Rp150.000<br>\r\n\r\n<br>Jadi Film Konser Musik Paling Laris . Sebagai informasi, Taylor Swift The Eras Tour adalah film dokumenter konser musik terlaris.  Film ini meraup Rp612 miliar di hari penayangan perdananya loh! <br>\r\n\r\n<br>Nah gimana nih, sudah siap nonton film konser Taylor Swift bak sedang nonton konsernya langsung?<br>\r\n', '2023-10-22', 'foto-taylor-swift-the-eras-tour.jpg'),
(34, 10, '<b>Moon In The Day</b>, Drakor Terbaru Kim Young Dae dan Pyo Ye Jin', 'Aprilisa', 'Drama Korea \"Moon In The Day\" telah resmi tayang secara perdana pada Rabu (1/11/2023) malam dan bisa disaksikan melalui platform streaming Viu. Drama ini merupakan drama yang diadaptasi dari Webtoon berjudul sama yang telah terbit sejak 2013.<br>\r\n\r\n<br>Moon In The Day juga turut diperankan oleh aktor populer Korea Selatan seperti Kim Young Dae, Pyo Ye Jin, hingga Oh Joo Wan. Drama ini tayang setiap hari Rabu dan Kamis menggantikan drama ‘The Kidnapping Day’ yang telah tamat.<br>\r\n\r\n<br>Drama Moon In The Day juga mempunyai genre fantasi romansa yang dibalut dengan kisah thriller menarik. Kisahnya akan menceritakan tentang cinta yang berbahaya, tetapi penuh kasih sayang.<br>\r\n\r\n<br>Melalui drama ini, Kim Young Dae akan berperan sebagai seorang pria yang menjadi bintang top dan dikenal mempunyai penampilan tampan dan badan yang tinggi. Namun, sosoknya ternyata dibebani dengan perasaan rendah diri.<br>\r\n\r\n<br>Adapun karakter Pyo Ye Jin akan berperan sebagai seorang perempuan yang bekerja sebagai petugas pemadam kebakaran. Pertemuan keduanya ternyata bagaikan takdir yang dipenuhi dengan banyak pertanyaan.<br>\r\n\r\n<br>Hubungan karakter yang diperankan oleh Kim Young Dae dan Pyo Ye Jin mempunyai kisah romansa yang rumit. Selain itu, kisahnya menjadi cerita unik karena masing-masing karakter mempunyai kenangan kehidupan di masa lalu yang tragis.<br>\r\n\r\n<br>Sebagai informasi beberapa aktor ternama Korea juga terlihat turut berpartisipasi dalam drama ini, mulai dari Oh Joo Wan, Jung Woong In, Lee Kyoung Young, Jung Shin Hye, dan masih banyak lagi.<br>\r\n', '2023-11-02', 'moonintheday.jpg'),
(35, 4, 'Dihantam Pandemi Covid-19, Peringkat Indonesia di PISA 2022 Naik', 'Rania', 'Hasil studi PISA 2022 dirilis Kemendikbudristek , Selasa (5/12/2023). Berdasarkan hasil PISA 2022, peringkat hasil belajar literasi Indonesia berhasil naik 5 sampai 6 posisi dibanding hasil PISA 2018. Peningkatan ini merupakan capaian paling tinggi secara peringkat (persentil) sepanjang sejarah Indonesia mengikuti PISA. Menteri Pendidikan, Kebudayaan, Riset, dan Teknologi (Mendikbudristek), Nadiem Anwar Makarim, menyampaikan bahwa peningkatan peringkat ini menunjukkan ketangguhan sistem pendidikan Indonesia dalam mengatasi hilangnya pembelajaran (learning loss) akibat pandemi.<br> \r\n\r\n<br>“Untuk literasi membaca, peringkat Indonesia di PISA 2022 naik 5 posisi dibanding sebelumnya. Untuk literasi matematika, peringkat Indonesia di PISA 2022 juga naik 5 posisi, sedangkan untuk literasi sains naik 6 posisi,” jelasnya di Jakarta, melalui siaran pers, Selasa (5/12/2023). <br>\r\n\r\n<br>Peningkatan posisi Indonesia pada PISA 2022 mengindikasikan resiliensi yang baik dalam menghadapi pandemi Covid-19. Skor literasi membaca internasional di PISA 2022 rata-rata turun 18 poin, sedangkan skor Indonesia mengalami penurunan sebesar 12 poin, yang merupakan penurunan dengan kategori rendah dibandingkan negara-negara lain. <br>\r\n\r\n<br>Direktur untuk Pendidikan dan Keterampilan, Organisasi untuk Kerja Sama dan Pembangunan Ekonomi (Organisation for Economic Cooperation and Development, OECD), Andreas Schleicher memuji ketangguhan sistem pendidikan Indonesia, terutama di saat pandemi Covid-19. Beberapa tahun terakhir ini menurutnya merupakan masa yang sangat sulit. Namun, peserta didik Indonesia secara umum berhasil mempertahankan kualitas hasil pembelajaran dalam nilai PISA mereka. <br>\r\n\r\n<br>“Kami sampaikan selamat kepada Indonesia yang telah berhasil menjaga kualitas hasil pembelajaran. Hasil PISA ini juga menunjukkan bahwa para guru di Indonesia memberi dukungan yang baik para murid selama pandemi,” ucapnya bangga. <br>\r\n\r\n<br>Indonesia mengikuti PISA sejak pertama kali diselenggarakan pada tahun 2000. Keikutsertaan dalam PISA memungkinkan Indonesia memantau kualitas pendidikannya dari waktu ke waktu dan membandingkannya dengan negara lain. <br>\r\n\r\n<br>PISA diselenggarakan setiap tiga tahun oleh OECD untuk mengukur literasi membaca, matematika, dan sains pada murid berusia 15 tahun. Pada 2022, PISA diikuti oleh 81 negara, yang terdiri dari 37 negara OECD dan 44 negara mitra. Selain menggunakan PISA, sejak 2021 Indonesia telah melaksanakan Asesmen Nasional (AN) untuk memetakan kualitas pendidikan di setiap sekolah dan daerah secara lebih komprehensif.<br>\r\n\r\n<br><b>Mengapa Peringkat PISA Indonesia Naik?</b><br>\r\n\r\n<br>Mendikbudristek dalam paparannya mengutarakan bahwa relatif kecilnya learning loss mencerminkan ketangguhan para guru yang didukung berbagai program penanganan pandemi dari Kemendikbudristek. Alasan pertama berkaitan dengan akses daring. “Bantuan kuota internet diberikan pada lebih dari 25 juta murid dan 1,7 juta guru agar dapat mengakses materi dan melaksanakan pembelajaran secara daring,” tutur Nadiem.<br>\r\n\r\n<br>Faktor lain yang mendorong naiknya peringkat Indonesia pada PISA 2022 adalah pelatihan guru yang disediakan oleh Kemendikbudristek melalui Platform Merdeka Mengajar disertai adanya materi pembelajaran secara daring dan hibrida (hybrid).\r\n“Berbagai materi pembelajaran dibuat untuk membantu guru melaksanakan pembelajaran di masa pandemi. Ini mencakup materi “Belajar dari Rumah” di TVRI, modul asesmen diagnostik untuk mengukur literasi dan numerasi, modul pembelajaran literasi dan numerasi,” jelasnya. <br>\r\n\r\n<br>Terobosan yang tak kalah penting adalah pemberlakuan Kurikulum Darurat yang menyederhanakan materi kurikulum agar guru dapat fokus pada pembelajaran yang lebih mendalam, terutama untuk penguatan literasi dan numerasi peserta didik. <br>\r\n\r\n<br>“Penyederhanaan materi kurikulum efektif memitigasi learning loss. Sekolah yang menggunakan Kurikulum Darurat mengalami 1 bulan learning loss, dibanding 5 bulan di sekolah yang menerapkan Kurikulum 2013 secara penuh,“ imbuh Nadiem. Penyederhanaan materi ini menjadi salah satu prinsip utama dalam merancang Kurikulum Merdeka. <br>\r\n\r\n<br>Dengan prinsip ini, Kurikulum Merdeka mengurangi materi wajib di berbagai mata pelajaran agar guru punya waktu lebih untuk menggunakan pembelajaran yang mendalam, interaktif, dan berbasis projek. <br>\r\n\r\n<br>Kurikulum Merdeka menurut Nadiem, mendukung guru melakukan asesmen diagnostik dan pembelajaran yang sesuai dengan kemampuan tiap murid. Buku-buku teks Kurikulum Merdeka juga memuat lebih banyak aktivitas yang dirancang mengasah daya nalar. “Dengan demikian, pembelajaran dengan Kurikulum Merdeka tidak lagi berorientasi pada penyampaian materi, tapi mengasah kompetensi dan karakter murid,” tegasnya.<br>', '2023-05-12', 'edukasi1.jpeg'),
(36, 4, 'Gunung Padang Disebut Lebih Tua dari Piramid Mesir, Ini Kritik Para Ilmuwan Asing', 'Rania', 'Jakarta - Tahukah kamu Gunung Padang di Indonesia memiliki struktur tertua yang bahkan dianggap melebihi usia bangunan Piramid Mesir. Kira-kira bagaimanakah pendapat para ahli?<br>\r\n\r\n<br>Berdasarkan makalah ilmiah yang diterbitkan dalam Archaeological Prospection pada 20 Oktober 2023 lalu, bahwa situs prasejarah Gunung Padang yang berada di Jawa Barat, Indonesia dinyatakan sebagai struktur punden berundak tertua. Situs tersebut diperkirakan dibangun sejak 27.000 tahun yang lalu.<br>\r\n\r\n<br>Usia tersebut menjadikan struktur Gunung Padang mengalahkan Piramid Mesir yang berusia 4.600 tahun. Hal ini juga berarti mengalahkan situs megalitik tertua yaitu Gobekli Tepe di Turki yang dibangun pada 11.000 tahun yang lalu. Penemuan ini tentu akan mengubah anggapan tentang bangunan Piramid Mesir sebagai peradaban manusia yang maju.<br>\r\n\r\n<br>\"Piramida telah menjadi simbol peradaban maju. Tidak Mudah membangun piramida karena membutuhkan keterampilan batu yang tinggi,\" jelas Danny Hilman Natawidjaja, ahli geologi dari Badan Riset dan Inovasi Nasional (BRIN) Indonesia.<br>\r\n\r\n<br>Klaim ini yang kemudian membuat para ahli terkejut dan mempertanyakan banyak hal. Sebab, menurut keterangan dari Lutfi Yondri dari BRIN menyatakan bahwa penduduk wilayah situs tersebut menghuni gua-gua pada 12.000 hingga 6.000 tahun lalu. Artinya ada selisih 15.000 tahun antara usia punden berundak Gunung Padang dengan masa hidup manusia penghuni gua itu. Namun menurut riset menunjukkan bahwa pada periode tersebut tidak ada bukti ahli batu terkait pembangunan struktur Gunung Padang ini.<br>\r\n\r\n<br>\"Saya terkejut dengan apa yang ada di makalah ini meski disajikan data-data yang sah, namun mengenai usianya masih belum dibenarkan,\" kata Flint Dibble, arkeolog dari Universitas Cardiff, Inggris.<br>\r\n\r\n<br>Masih menjadi perdebatan para ilmuwan apakah punden berundak Gunung Padang terbentuk secara alami atau buatan manusia? Bila ada campur tangan manusia, siapakah yang membangun struktur awal punden berundak Gunung Padang? Hal ini mengingat ada selisih usia Gunung Padang dan manusia penghuni gua di sekitar Gunung Padang.<br>\r\n\r\n<br><b>Struktur Gunung Padang</b><br>\r\n\r\n<br>Struktur Gunung Padang terdiri dari lima teras batu berundak dengan dinding penahan dan tangga penghubung. Lokasinya berada di atas gunung berapi yang sudah punah dan tidak aktif.<br>\r\n\r\n<br>Situs tersebut telah diselidiki oleh Danny Hilman Natawidjaja dan rekan-rekannya antara tahun 2011 dan 2014 untuk mencari tahu apa yang ada di bawah teras. Hasilnya menunjukkan bahwa terdapat empat lapisan dengan masa pembangunan yang berbeda.<br>\r\n\r\n<br>Lapisan terdalam diketahui adalah inti lava yang mengeras dan telah dipahat. Lapisan berikutnya berbentuk seperti susunan batu bata dengan penanggalan karbon, menggunakan tanah di antara bebatuan yang berasal dari pengeboran lapisan inti.<br>\r\n\r\n<br>Pembangunan tahap pertama struktur ini diketahui terjadi antara 27.000 hingga 16.000 tahun yang lalu. Pembangunan dilanjut antara 8.000 dan 7.500 tahun yang lalu sampai pada lapisan terakhir antara 4.000 dan 3.100 tahun lalu.<br>\r\n\r\n<br>Dibble berpendapat bahwa tidak ada bukti yang jelas bahwa struktur ini dibangun oleh manusia atau hasil pelapukan alami dari pergerakan batu dari waktu ke waktu.<br>\r\n\r\n<br>\"Material yang menggelinding menuruni bukit rata-rata akan mengarahkan dirinya sendiri,\" jelasnya dalam situs Nature.<br>\r\n\r\n<br>Namun menurut Natawidjaja, batu-batu tersebut terlalu besar untuk dapat menggelinding secara teratur. Sementara itu para penulis melaporkan telah menemukan batu berbentuk belati di sana.<br>\r\n\r\n<br>\"Geometri reguler objek ini dan komposisi yang berbeda tidak berkaitan dengan batuan di sekitarnya, sehingga menandakan bahwa struktur ini berasal dari buatan manusia,\" kata Natawidjaja.<br>\r\n\r\n<br>Meski begitu, Dibble tetap bersikeras bahwa tidak ada bukti sisa-sisa aktivitas pembangunan yang dilakukan manusia.<br>\r\n\r\n<br><b>Menjadi Perdebatan</b><br>\r\n\r\n<br>Situs Gunung Padang ditayangkan dalam film dokumenter Netflix 2022 berjudul Ancient Apocalypse, yang dibawakan oleh penulis Inggris, Graham Hancock. Dalam film tersebut, ia menyebutkan bahwa peradaban global yang maju telah musnah pada 12.000 tahun yang lalu pada akhir zaman es.<br>\r\n\r\n<br>Natawidjaja mengatakan bahwa karena Gunung Padang dibangun sebelum akhir zaman es, maka hal ini menunjukkan orang-orang masa itu mampu membangun struktur yang kompleks.<br>\r\n\r\n<br>Tapi menurut Bill Farley, makalah ini belum memberikan bukti bahwa peradaban maju ada selama zaman es terakhir. Meski sampel tanahnya berusia 27.000 tahun, namun tidak ada ciri aktivitas manusia.<br>\r\n\r\n<br>Catatan arkeologi menunjukkan bahwa transisi masyarakat pemburu pengumpul ke masyarakat kompleks terjadi setelah dimulainya masa Holosen pada 11.700 tahun yang lalu. Di mana kota tertua yang diketahui memiliki bukti tersebut adalah situs Catalhoyuk di Turki dengan usia 9.000 tahun.<br>\r\n\r\n<br>Untuk saat ini makalah penelitian ini masih diselidiki lebih lanjut oleh Archaeological Prospection dan penerbitnya, Wiley dan Eileen Ernenwein seorang ahli geofisika dari Universitas Tennessee State.<br>\r\n\r\n<br>Farley menjelaskan bahwa Gunung Padang patut dijadikan sebagai situs yang menakjubkan dan keren. Bukan karena tentang perkembangan peradaban manusia dan narasi lain tentangnya.<br>\r\n\r\n<br>Perdebatan para ahli ini membuat Natawidjaja berharap agar tidak terjadi perselisihan di antara masyarakat siapapun dan memberi kesempatan kepada para peneliti dunia untuk melakukan penelitian di Gunung Padang.<br>', '2023-12-05', 'edukasi2.jpeg'),
(37, 4, '20 PTN Terbaik di ASEAN Versi AppliedHE 2024, IPB Masuk 3 Besar', 'Rania', 'Jakarta - AppliedHE merilis pemeringkatan perdana khusus perguruan tinggi negeri (PTN) di The AppliedHE Public University Ranking: ASEAN 2024. Sebanyak 80 PTN yang masuk ranking berasal dari Malaysia, Indonesia, Kamboja, Filipina, Thailand, Brunei, dan Singapora.<br>\r\n\r\n<br>Pemeringkatan PTN merupakan cabang baru dari pemeringkatan AppliedHE, yang semula berfokus pada perguruan tinggi swasta (PTS). Pemeringkatan ini disusun berdasarkan kualitas belajar belajar mengajar (40%), tingkat serapan lulusan menjadi tenaga kerja (15%), riset (15%), keterlibatan dengan masyarakat (10%), internasionalisasi (10%), dan reputasi institusional (10%).<br>\r\n\r\n<br><b>PTN Terbaik di ASEAN Versi AppliedHE 2024</b><br>\r\n\r\n<br>1. Universiti Kebangsaan Malaysia (UKM), Malaysia\r\n<br>Skor: 75,94<br>\r\n\r\n<br>2. National University of Singapore (NUS), Singapura\r\n<br>Skor: 73,73<br>\r\n\r\n<br>3. IPB University , Indonesia\r\n<br>Skor: 73,67<br>\r\n\r\n<br>4. Nanyang Technological University (NTU), Singapura\r\n<br>Skor: 73,19<br>\r\n\r\n<br>5. Mahidol University, Thailand\r\n<br>Skor: 71,126<br>\r\n\r\n<br>6. Universiti Putra Malaysia (UPM), Malaysia\r\n<br>Skor: 69,83<br>\r\n\r\n<br>7. Universiti Malaya (UM), Malaysia\r\n<br>Skor: 69,47<br>\r\n\r\n<br>8. Universiti Brunei Darussalam (UBD), Brunei\r\n<br>Skor: 69,05<br>\r\n\r\n<br>9. Universiti Teknologi Brunei, Brunei\r\n<br>Skor: 68,77<br>\r\n\r\n<br>10. Universiti Sains Malaysia (USM), Malaysia\r\n<br>Skor: 68,16<br>\r\n\r\n<br>11. Universitas Indonesia (UI), Indonesia\r\n<br>Skor: 68,07<br>\r\n\r\n<br>12. Institut Teknologi Bandung (ITB), Indonesia\r\n<br>Skor: 67,24<br>\r\n\r\n<br>13. Universitas Gadjah Mada (UGM), Indonesia\r\n<br>Skor: 67,23<br>\r\n\r\n<br>14. Chulalongkorn University, Thailand\r\n<br>Skor: 67,08<br>\r\n\r\n<br>15. Universitas Padjadjaran (Unpad), Indonesia\r\n<br>Skor: 66,58<br>\r\n\r\n<br>16. Universitas Airlangga (Unair), Indonesia\r\n<br>Skor: 66,46<br>\r\n\r\n<br>17. Universiti Teknologi Malaysia, Malaysia\r\n<br>Skor: 65,81<br>\r\n\r\n<br>18. Institut Teknologi Sepuluh Nopember (ITS), Indonesia\r\n<br>Skor: 64,89<br>\r\n\r\n<br>19. Universiti Utara Malaysia (UUM), Malaysia\r\n<br>Skor: 63,44<br>\r\n\r\n<br>20. University of the Philippines, Filipina\r\n<br>Skor: 62,75<br>', '2023-12-03', 'edukasi3.jpeg'),
(38, 4, 'Peneliti Australia Temukan Dokumenter Bersejarah RI yang Hilang', 'Rania', 'Jakarta - Film dokumenter Indonesia yang hilang dari sejarah telah kembali ke Tanah Air. Dokumenter itu berisi kunjungan perdana menteri pertama India, Jawaharlal Nehru, ke Indonesia pada tahun 1950.<br>\r\n\r\n<br>Kepala Arsip Nasional Republik Indonesia (ANRI), Imam Guntoro, mengungkapkan Indonesia tidak memiliki film tentang kunjungan itu, hanya berupa foto.<br>\r\n\r\n<br>\"Indonesia tidak punya. Tapi keberadaannya kebetulan ada di Australia dan sekarang dikembalikan secara digital ke ANRI. Di Indonesia ada tetapi hanya foto saja,\" ungkapnya di Kantor ANRI, Jalan Ampera Nomor 7, Jakarta, Selasa (5/12/2023).<br>\r\n\r\n<br>\"Jadi sangat penting sekali untuk melengkapi dokumentasi tentang hubungan Indonesia dan India yang sangat luar biasa erat pada waktu itu,\" sambungnya.<br>\r\n\r\n<br>Penemu film itu merupakan seorang akademisi Australia dari University of Melbourne David Hanan. Ia melaporkan penemuan itu kepada Kedutaan Besar Australia untuk Indonesia.<br>\r\n\r\n<br><b>Cerita Peneliti Australia Temukan Dokumenter</b><br>\r\n\r\n<br>Jauh sebelum penyerahan dokumenter, David Hanan sudah lebih dulu bersentuhan dengan bukti sejarah itu. Saat itu, Hanan dan rekan peneliti tidak tahu jika dokumenter tersebut merupakan bukti kunjungan Jawaharlal Nehru ke Indonesia.<br>\r\n\r\n<br>\"Mereka tidak begitu tahu dari mana film ini datang dan mereka tidak bisa baca. Tapi saya cukup menyadari ini adalah film dari Indonesia,\" jelasnya.<br>\r\n\r\n<br>Hanan melanjutkan, waktu itu ia beranggapan jika film dokumenter kunjungan Nehru juga ada di Indonesia. Kemudian di tahun 2012, ia berkesempatan untuk melakukan penelitian ke Indonesia.<br>\r\n\r\n<br>Hanan melanjutkan penelitiannya tentang film dokumenter itu. Ia bertanya kepada para ahli baik di Taman Ismail Marzuki (TIM) dan Institut Kesenian Jakarta (IKJ).<br>\r\n\r\n<br>\"Tidak ada orang yang pernah nonton film ini,\" ujarnya.<br>\r\n\r\n<br>\"Akhirnya saya menyadari kemungkinan ada copy di ANRI,\" sambungnya.<br>\r\n\r\n<br>Hanan akhirnya mengunjungi ANRI untuk memastikan keberadaan salinan dari film dokumenter tersebut. Pencarian itu ternyata nihil.<br>\r\n\r\n<br>\"Saya lupa tahun persis dan kami menanyakan apa ada Nehru Visit Indonesia dan mereka tidak bisa menemukannya. Mereka bilang kami tidak punya film di sini,\" jelasnya.<br>\r\n\r\n<br>Menurut penjelasan Hanan, pada saat itu ANRI hanya memiliki foto-foto dari kunjungan Nehru. Tetapi tidak ada film dokumenter dari peristiwa tersebut.<br>\r\n\r\n<br>\"Saya menentukan saya harus menemukan jalan supaya film ini, digital copy film ini, yang dikembalikan ke Indonesia,\" ungkapnya.<br>\r\n\r\n<br>Hanan kemudian menghubungi Kedutaan Besar Australia untuk Indonesia. Pada Selasa, 5 Desember 2023, dokumenter kunjungan Nehru ke Indonesia akhirnya sampai ke Tanah Air.<br>', '2023-12-05', 'edukasi4.jpeg'),
(39, 4, 'Studi: Tingkatkan Kualitas Guru untuk Naikkan Kemampuan Numerasi Siswa', 'Rania', 'Jakarta - Guru berpengaruh pada kemampuan numerasi anak, terutama bagi siswa berkemampuan rendah. Untuk itu, pembelajaran berdiferensiasi atau yang sesuai dengan kebutuhan anak oleh guru penting untuk mendukung peningkatan kemampuan numerasi siswa.<br>\r\n\r\n<br>Hasil studi Research on Improving System od Education (RISE) - The Smeru Research Institute di Kota Bukittinggi pada 67 guru SD honorer lulusan S1 menunjukkan temuan tersebut.<br>\r\n\r\n<br>\"Guru yang memiliki kompetensi sangat baik berdampak pada perubahan anak dengan kemampuan rendah. Dengan diferensiasi teaching. Saat mengajar, anak diberikan pengajaran sesuai dengan kemampuannya yang rendah atau yang tinggi,\" kata peneliti The Smeru Research Institute Asri Yusrina di Forum Diskusi Peningkatan Kualitas Pendidikan Dasar yang digelar Tanoto Foundation bersama The Smeru Research Institute di Gedung A Kemendikbudristek Jakarta, Selasa (5/12/2023).<br>\r\n\r\n<br>Di sisi lain, studi juga mendapati bahwa kompetensi antarguru masih berbeda-beda. Asri mengatakan, karenanya pelatihan bagi guru, terutama bagi guru dalam jabatan merupakan hal yang penting.<br>\r\n\r\n<br>Agar efektif, sambungnya, pelatihan perlu memungkinkan guru untuk dapat memilih pelatihan sesuai kemampuan dan kebutuhannya masing-masing.<br>\r\n\r\n<br>\"Pelatihan, khususnya bagi guru dalam jabatan, menjadi penting untuk meningkatkan kompetensi pengajarannya,\" kata Asri.<br>\r\n\r\n<br><b>Pelatihan yang Disesuaikan untuk Tiap Guru</b><br>\r\n\r\n<br>Asri menuturkan, sebelumnya pada survei kebutuhan guru dengan Dinas Pendidikan DKI Jakarta, guru menjalani tes kemampuan. Pelatihan bagi guru-guru kemudian disesuaikan berdasarkan hasil surveinya.<br>\r\n\r\n<br>\"Nah sekarang kan sudah ada Rapor Pendidikan. Dari Rapor Pendidikan itu sebenarnya sudah ada hasilnya ya, misalnya skornya sekian,\" kata Asri pada detikEdu.<br>\r\n\r\n<br>\"Misalnya di literasi masih rendah. Di Rapor Pendidikan ada semacam button untuk guru ketika sekolah mereka itu nilai literasi atau numerasinya rendah. Nah apa sih pelatihan yang harus mereka ikutin? Dari situ masuk platform DKI, mereka bisa memilih pelatihan yang sesuai dengan mereka,\" imbuhnya.<br>\r\n\r\n<br>Asri mengamini, Rapor Pendidikan belum memiliki hasil pengukuran kemampuan guru. Untuk itu pada studi sebelumnya, guru menjalani tes kemampuan sambil menjalani pengecekan motivasi dan kebutuhannya.<br>\r\n\r\n<br>\"Kalau di Rapor Pendidikan itu sudah dari hasil AN, Asesmen Nasional. Jika hasil sekolah rendah, guru-guru harus ikut pelatihan ini, misalnya. Itu disesuaikan dengan hasil pembelajaran siswa. Nah di situ bedanya. Tepai secara teknis itu sama, pelatihan guru itu didasarkan pada kebutuhan muridnya atau kebutuhannya sendiri,\" terang Asri.<br>\r\n\r\n<br><b>Kepala Sekolah Didampingi</b><br>\r\n\r\n<br>Sementara itu, merespons kompetensi kepala sekolah yang juga beragam, Asri mengatakan perlu pendampingan kepala sekolah. Harapannya, kepala sekolah dapat memberikan umpan balik (feedback) dan supervisi sehingga meningkatkan efektivitas pelatihan peningkatan pengajaran guru.<br>\r\n\r\n<br>\"Saat studi dengan Dinas Pendidikan Provinsi DKI Jakarta, selain mensurvei gurunya, kami juga memberkan pelatihan ya, dampingan pada kepala sekolah. Karena sebaiknya guru-guru yang sudah mengikuti pelatihan itu harus ada follow-up-nya begitu,\" terangnya.<br>\r\n\r\n<br>\"Karena itu bentuk dampingannya tadi kita ada interfacing, nggak hanya ke guru dengan metode pelatihan yang berbasis kebutuhan, tetapi juga mendampingi kepala sekolah,\" sambung Asri.<br>\r\n\r\n<br><b>Pelatihan Sesuai Motivasi dan Kecakapan Guru</b><br>\r\n\r\n<br>Asri menjabarkan, desain pelatihan guru dapat menjadi efektif jika disesuaikan dengan motivasi dan kecakapan guru. Berdasarkan motivasi dan kecakapannya, terdapat guru dengan motivasi dan skill tinggi, motivasi tinggi dan kecakapan rendah, motivasi rendah dan kecakapan tinggi, serta kecakapan dan motivasi rendah.<br>\r\n\r\n<br>\"Pelatihan sesuai kebutuhan guru. Guru motivasi tinggi, contohnya baik yang kemampuannya tinggi atau rendah, menjadi efektif pelatihannya jika bisa memilih pelatihan sendiri,\" terangnya.<br>\r\n\r\n<br>\"Sedangkan yang lowly motivated, peran kepala sekolah atau pemimpin pembelajaran jadi penting untuk mendukung lingkungan pembelajaran efektif,\" sambung Asri.<br>\r\n\r\n<br>Soal motivasi guru, studi sebelumnya mendapati bahwa motivasi dan kecakapan guru juga dipengaruhi jenjang kariernya. Asri menjelaskan, ketika memiliki jenjang karier, setiap guru jadi punya kewajiban meningkatkan kompetensi sesuai jenjang karier.<br>\r\n\r\n<br>\"Guru itu tidak ada jenjang karier ya, jadi pilihan merekalah untuk meningkatkan kapasitas mereka sendiri, kompetensi mereka sendiri,\" kata Asri.<br>\r\n\r\n<br>\"Jika di Singapura ada guru madya, guru mahir, dan guru pemimpin, nah itu belum ada di Indonesia,\" imbuhnya.<br>\r\n\r\n<br>Temuan kualitatif studinya mendapati, beberapa guru-guru dengan motivasi rendah merupakan guru yang justru berada di \"zona nyaman\" seperti sudah sertifikasi atau jalan profesi.<br>\r\n\r\n<br>\"Mungkin yang sudah sertifikasi, atau sudah mendapatkan jalan profesi. Tapi bukan sebagian besar begitu,\" jelas Asri.<br>\r\n\r\n<br>Ia menegaskan, penguatan kualitas pengajaran tidak hanya di level guru, tetapi juga dukungan kepala sekolah.<br>\r\n\r\n<br>\"Jadi sama-sama bergerak, baik itu kepala sekolah maupun guru gitu, guru berkeinginan meningkatkan kompetensinya secara mandiri. Kepala sekolah juga berkeinginan untuk tadi sebagai pemimpin pembelajaran, dia ingin per satuan pendidikannya menjadi lebih baik, menciptakan lingkungan belajar yang lebih baik,\" pungkasnya.<br>', '2023-12-05', 'edukasi5.jpeg'),
(40, 3, 'Perlunya Sistem Imunitas Tubuh Kala Musim Pancaroba ', 'Aprilisa', 'Pada November menuju awal Desember 2023, terjadi outbreak pneumoniae misterius di China yang dikenal dengan outbreak new emerging disease. <br>\r\n\r\n<br>Saat ini, outbreak pneumoniae misterius tersebut telah merebak ke beberapa negara di luar China seperti di negara Eropa (Belanda dan Denmark), bahkan dikabarkan sudah masuk ke Indonesia. <br>\r\n\r\n<br>Kejadian merebaknya outbreak pneumoniae seakan mengingatkan kita terhadap kejadian yang sama kurang lebih empat tahun lalu di mana pada saat itu terjadi wabah misterius yang kemudian setelah diidentifikasi dikenal sebagai corona virus disease-19 (COVID-19). <br>\r\n\r\n<br>Kejadian outbreak Mycoplasma pneumoniae merupakan kejadian fenomenal yang saat ini terjadi. Penyakit ini sering merebak pada akhir tahun yang dikaitkan dengan suhu dan musim dingin. Pada musim dingin tersebut bakteri, virus, jamur tumbuh subur. <br>\r\n\r\n<br>Outbreak pneumoniae misterius kebanyakan menginfeksi anak-anak, sehingga perlu mendapat perhatian khusus.<br>\r\n\r\n<br>Jika tidak ditangani, maka kemungkinan dapat menjadi outbreak lagi mengingat pada saat ini outbreak mycoplasma pneumoniae juga dibarengi dengan peningkatan outbreak COVID-19 di beberapa negara, termasuk di Indonesia, Malaysia, dan Singapura. <br>\r\n\r\n<br>Kebanyakan penyakit infeksi bersifat self-limiting disease yang berarti dapat hilang timbul atau sembuh muncul dan sepenuhnya bergantung terhadap kekuatan sistem imunitas tubuh kita.<br>\r\n\r\n<br>Perlu menjadi perhatian juga, hampir seluruh penyakit yang berhubungan dengan sistem pernafasan ditularkan dalam bentuk airborne disease atau aerosol airborne disease.<br>\r\n\r\n<br>Penyakit tersebut masuk pertama kali melalui rute jalan pernafasan kita. Munculnya manifestasi penyakit tersebut secara umum adalah demam, kelemahan, yang bergantung terhadap kekuatan dan kuatnya sistem imunitas seseorang.<br>\r\n\r\n<br>Di dalam tubuh kita, terdapat sistem imunitas yang diibaratkan seperti tentara di suatu negara. Tentunya negara pasti memiliki musuh. Nah, tugas tentara tersebut untuk menjaga keamanan dan kedaulatan negara.<br>\r\n\r\n<br>Jika tentara tersebut kuat atau dalam kendali, maka negara akan baik-baik saja. Sebaliknya, apabila tentara kekuatannya berkurang atau sedang dalam kondisi tidak baik-baik saja, maka yang dikhawatirkan adalah musuh dapat menginvasi, bahkan dapat menghancurkan negara.<br> \r\n\r\n<br>Analogi tersebut dapat diibaratkan sistem imunitas pada manusia. Sistem imunitas diperankan oleh sel darah putih dan sel lainnya yang terdapat di dalam tubuh manusia. Secara alamiah, sistem imunitas manusia terdiri dari dua garis besar, yaitu: sistem imunitas alamiah dan sistem imunitas adaptif. Tujuan dari kedua sistem imunitas tersebut sama, bertahan dari serangan atau serbuan mikroorganisme atau pun lainnya.<br>\r\n\r\n<br>Sistem imunitas dalam tubuh manusia tidak statis, melainkan dinamis yang berubah-ubah dan dipengaruhi keadaan sekeliling dan emosi seseorang.<br>\r\n\r\n<br><b>Pancaroba</b><br>\r\n\r\n<br>Musim pancaroba perlu menjadi perhatian kita. Sebagian besar wilayah di Indonesia tengah memasuki musim pancaroba, terjadi peralihan dari musim panas atau kemarau ke penghujan.<br>\r\n\r\n<br>Umumnya, musim pancaroba dapat berpengaruh terhadap sistem imunitas di tubuh kita. Kebanyakan pengaruh tersebut berupa penurunan sistem imunitas.<br>\r\n\r\n<br>Dengan penurunan pada sistem imunitas, maka akan berdampak terhadap rentannya seseorang untuk menderita suatu penyakit, terlebih lagi penyakit yang saat ini tengah meningkat, yaitu Mycoplasma pneumoniae atau COVID-19.<br>\r\n\r\n<br>Maka, sistem imunitas perlu dijaga. Rutin berolahraga (bisa dalam bentuk cycling, jogging, ataupun running santai) pada pagi hari dapat meningkatkan sistem imunitas tubuh. Namun, tentunya dalam batasan-batasan koridor yang disesuaikan dengan keadaan seseorang.<br>\r\n\r\n<br>Dengan menjaga sistem imunitas tubuh, kita berusaha mengurangi kemungkinan tertularnya penyakit. Secara tidak langsung menjaga orang di sekitar kita yang rentan terhadap tertularnya penyakit (orangtua atau pun anak-anak yang baru lahir).<br>\r\n\r\n<br>Selain itu, alangkah baiknya jika kesadaran untuk menjaga sistem imunitas juga dibarengi peningkatan Perilaku Hidup Bersih dan Sehat (PHBS) seperti sering mencuci tangan dengan sabun atau hand sanitizer.<br>\r\n\r\n<br>Paling penting adalah menerapkan penggunaan masker lagi ketika beraktivitas dan berada pada daerah yang terdapat banyak orang di dalamnya.<br>\r\n\r\n<br>Banyak mengkonsumsi buah-buahan dan sayur-sayuran segar juga dapat membantu menjaga sistem imunitas sehingga sistem imunitas dapat tetap prima.<br>', '2023-12-06', 'kesehatan1.jpg'),
(41, 3, 'Kapan Kita Perlu Konsumsi Suplemen Vitamin C? Begini Faktanya ', 'Aprilisa', 'Vitamin C adalah nutrisi penting yang diperlukan tubuh untuk meningkatkan sistem kekebalan atau imunitas. Vitamin C dapat diperoleh dari berbagai buah dan sayuran.<br>\r\n\r\n<br>Namun, Anda mungkin merasa perlu mendapat tambahan vitamin C dengan mengonsumsi suplemen. Nah, kapan sebaiknya kita harus mengonsumsi suplemen vitamin C?<br>\r\n\r\n<br>Sebelum menyimak penjelasannya, ketahui dahulu berbagai manfaat vitamin C berikut : <br>\r\n\r\n<br><b>Kapan perlu mengonsumsi suplemen vitamin C?</b><br>\r\n\r\n<br>Untuk diketahui, kekebalan tubuh atau imunitas yang kuat merupakan hal penting dalam menjaga kesehatan tubuh, terutama dalam mencegah penyebaran penyakit dan infeksi. <br>\r\n\r\n<br>Salah satu nutrisi yang diperlukan untuk mendukung sistem kekebalan tubuh adalah vitamin C. Asupan vitamin C dapat ditemukan dalam berbagai makanan sehari-hari seperti buah jeruk, tomat, dan sayuran hijau. <br>\r\n\r\n<br>Namun, Anda mungkin memerlukan tambahan suplemen vitamin C dalam bentuk pil, tablet, atau sirup pada kondisi tertentu.<br>\r\n\r\n<br>Dilansir dari Medicinet, berikut beberapa kondisi yang mungkin membuat seseorang perlu mengonsumsi suplemen vitamin C: <br>\r\n\r\n<br><b> - Saat kondisi cuaca sedang ekstrem atau musim penyakit</b><br> \r\n\r\n<br>Selama musim flu atau saat terpapar cuaca ekstrem, sistem kekebalan tubuh dapat diuji secara maksimal. Pada saat-saat ini, suplemen vitamin C dapat membantu meningkatkan daya tahan tubuh dan membantu melawan infeksi.<br>\r\n\r\n<br><b> - Dalam masa pemulihan setelah sakit atau menjalani operasi</b><br>\r\n\r\n<br>Selama masa penyembuhan setelah operasi atau penyakit serius, tubuh memerlukan lebih banyak nutrisi untuk mempercepat proses penyembuhan. Vitamin C memainkan peran kunci dalam pembentukan jaringan dan pemulihan sel.<br>\r\n\r\n<br><b> - Ketika memiliki aktivitas yang padat dan dilanda stres</b><br>\r\n\r\n<br>Memiliki aktivitas yang padat dan dilanda stres, serta kurangnya konsumsi makanan bergizi dan seimbang mengakibatkan defisiensi vitamin C. Dalam situasi seperti ini, suplemen dapat memberikan dorongan tambahan. <br>\r\n\r\n<br><b> - Membantu saat seseorang tidak mendapat buah dan sayur yang cukup</b><br>\r\n\r\n<br>Jika pola makan sehari-hari kurang mencakup berbagai jenis buah dan sayuran yang kaya vitamin C, suplemen dapat membantu memenuhi kebutuhan harian.<br>\r\n\r\n<br><b> - Saat menjalani diet tertentu</b><br>\r\n\r\n<br>Individu yang menjalani diet khusus, seperti vegetarian atau vegan, mungkin mengalami kesulitan mendapatkan jumlah vitamin C yang cukup dari sumber makanan. Dalam hal ini, suplemen dapat menjadi pilihan yang baik. <br>\r\n\r\n<br><b> - Pada kondisi kesehatan tertentu</b><br> \r\n\r\n<br>Beberapa kondisi kesehatan tertentu, seperti ketika mengalami masalah pencernaan yang dapat menghambat penyerapan nutrisi, Anda mungkin memerlukan suplemen vitamin C untuk memastikan pasokan yang adekuat. <br>\r\n\r\n<br>Penting untuk diingat bahwa sebagian besar orang dapat memenuhi kebutuhan vitamin C mereka melalui makanan sehat. Namun, Anda sebaiknya berkonsultasi dahulu dengan dokter sebelum mengonsumsi suplemen vitamin C.<br>\r\n\r\n', '2023-12-06', 'kesehatan2.jpg'),
(42, 3, 'Jamu Itu Tidak Sama dengan Obat Fitofarmaka, Perbedaannya?', 'Aprilisa', 'Jamu merupakan ramuan berasal dari tanaman atau tumbuhan kemudian diolah lalu dikonsumsi karena diyakini mampu membuat kondisi kesehatan seseorang lebih baik. Sementara itu, ada juga obat fitofarmaka yang berasal dari bahan alam tapi lewat studi panjang.<br>\r\n\r\n<br>\"Ini masih membingungkan bagi masyarakat Indonesia karena kenyataannya masyarakat masih belum memahami sepenuhnya,\" kata Kepala Instalasi Farmasi RSUP Nasional Dr. Cipto Mangunkusumo, Dr. apt. Rina Mutiara, M.Pharm mengutip Antara.<br>\r\n\r\n<br>\"Masyarakat beranggapan jamu adalah obat, padahal ada perbedaan mendasar antara jamu dan fitofarmaka dalam dunia medis,\" kata Rina dalam diskusi secara daring pada Senin, 4 Desember 2023.<br>\r\n\r\n<br>Rina menjelaskan bahwa jamu biasanya berdasarkan resep turun temurun. Tidak memerlukan studi dan uji klinik dalam membuat jamu.<br>\r\n\r\n<br>Berbeda halnya dengan fitofarmaka. Berasal dari bahasa Yunani, phyto yang berarti tanaman dan pharmakon yang berarti obat.<br> \r\n\r\n<br>Fitofarmaka merupakan sediaan obat bahan alam yang telah dibuktikan keamanan dan khasiatnya secara ilmiah dengan uji pra-klinik dan uji klinik, bahan baku, dan produk jadi terstandardisasi.<br>\r\n\r\n<br>Meski begitu, Rina mengatakan bahwa penggunaan fitofarmaka tetap dapat melibatkan aspek sosial dan budaya yang perlu dipertimbangkan, termasuk keyakinan lokal dan praktik tradisional.<br>\r\n\r\n<br><b>BPOM Beri Izin Edar 24 Obat Fitofarmaka</b><br>\r\n\r\n<br>Rina menuturkan bahwa sejauh ini pihak Badan Pengawas Obat dan Makanan (BPOM) telah mengeluarkan 24 jenis obat fitofarmaka di Indonesia.<br>\r\n\r\n<br>Berikut diantaranya obat fitofarmaka di Indonesia:<br>\r\n\r\n- obat imunomodulator<br>\r\n- obat tukak lambung<br>\r\n- obat antidiabetes untuk menurunkan gula darah<br>\r\n- obat antihipertensi untuk menurunkan tekanan darah<br>\r\n- obat untuk melancarkan sirkulasi darah supaya tidak terjadi sumbatan di pembuluh darah<br>\r\n- obat untuk meningkatkan albumin bagi pasien yang membutuhkan protein seperti pasien haemodialisa/cuci darah.<br>', '2023-12-05', 'kesehatan4.jpeg');
INSERT INTO `berita` (`id_berita`, `id_kategori`, `judul`, `penulis`, `isi_berita`, `tgl_rilis`, `gambar`) VALUES
(43, 3, 'Fitur Screen Distance di iOS 17 Bisa Jaga Kesehatan Mata, Simak Cara Pakainya', 'Aprilisa', 'Screen Distance, merupakan fitur kesehatan baru pada iPhone dan iPad yang menjalankan iOS 17. Fitur ini disebut dapat menjadi solusi efektif untuk mencegah ketegangan mata dan menurunkan risiko miopia pada anak-anak.<br>\r\n\r\n<br>Dikembangkan oleh Mosyle, sebuah Platform Terpadu Apple, fitur baru di iOS 17 ini memungkinkan pengguna untuk menjaga jarak yang sehat antara mata dan layar, memberikan manfaat khususnya bagi kesehatan visual.<br>\r\n\r\n<br>Untuk menggunakan Screen Distance pada iOS 17, berikut adalah langkah-langkahnya:<br>\r\n\r\n1. Buka aplikasi Pengaturan pada iPhone atau iPad dengan ID Wajah yang menjalankan iOS 17.<br>\r\n2. Pilih opsi Screen Time, lalu temukan dan ketuk Screen Distance.<br>\r\n3. Aktifkan fitur Screen Distance dengan mengetuk Lanjutkan.<br>\r\n\r\n<br>Diwartakan 9to5Mac, seperti dikutip Senin (4/12/2023), setelah mengaktifkan Screen Distance, perangkat akan memantau jarak antara layar dan mata.<br>\r\n\r\n<br>Apple menekankan, fitur ini tidak mengambil gambar atau video, serta data yang dikumpulkan tetap berada di perangkat, tidak dibagikan dengan Apple.<br>\r\n\r\n<br>Ketika menggunakan Screen Distance, pengguna akan menerima pemberitahuan pop-up jika wajahnya terlalu dekat dengan layar.<br>\r\n\r\n<br>Dengan menjauhkan perangkat dari wajah, pengguna dapat keluar dari pop-up tersebut dan melanjutkan penggunaan dengan jarak yang lebih sehat.<br>\r\n\r\n<br>Fitur baru di iOS ini diharapkan dapat membantu mengurangi risiko miopia pada anak-anak serta mencegah ketegangan mata pada pengguna umum.<br>\r\n\r\n<br>Dengan memanfaatkan teknologi untuk meningkatkan kesadaran akan jarak optimal antara mata dan layar, Screen Distance diharapkan dapat menjadi langkah sederhana tapi efektif dalam menjaga kesehatan visual pengguna iPhone dan iPad.<br>\r\n', '2023-12-04', 'kesehatan5.png'),
(44, 3, 'Manfaat Kurma Ajwa Bagi Kesehatan, Dianjurkan Rasulullah', 'Aprilisa', 'Kurma menjadi salah satu buah yang banyak ditemukan di negara Timur Tengah, seperti Arab, Irak, dan sekitarnya. Bentuk buah ini lonjong dengan ukuran dua sampai 7,5 cm dengan warna cokelat gelap kemerahan, beberapa ada yang kuning muda.<br>\r\n\r\n<br>Ada banyak jenis dari buah kurma sendiri, salah satunya kurma ajwa, yaitu kurma yang rasanya manis dan teksturnya lembut. Selain itu, kurma ajwa dipercaya memiliki sederet manfaat yang baik untuk kesehatan.<br>\r\n\r\n<br>Beberapa penelitian menyebutkan bahwa buah kurma ajwa mengandung karbohidrat, protein, lemak, garam mineral, vitamin, glukosa, dan fruktosa.<br>\r\n\r\n<br>Kemudian, ada polifenol sebagai antioksidan yang disebut kandungannya lebih tinggi dibandingkan kurma dan buah kering lainnya. Diketahui, antioksidan baik untuk mencegah kanker, diabetes, dan penyakit kardiovaskular.<br>\r\n\r\n<br>Penelitian lain menyebutkan bahwa kurma ajwa memiliki kandungan beta dglucan sebagai anti-tumor. Serta, adanya efek potensi dalam memperbaiki kerusakan dari ochratoxin nepherotoxicity yang bisa menyebabkan gagal ginjal.<br>\r\n\r\n<br>Untuk manfaat lainnya dari kurma ajwa yang baik bagi kesehatan, antara lain menetralisir asam pada perut, mengatasi sembelit, sebagai anti diabetes, dan mencegah anemia.<br>\r\n\r\n<br>Untuk mendapatkan kurma ajwa, Anda bisa memperolehnya di PT Barakada Indo Alanshary lewat situs barakadates.id. Kurma Ajwa Baraka Al Anshary memiliki kualitas yang tinggi dengan harga terbaik.<br>\r\n\r\n<br>Owner Ajwa Baraka Al Anshary, Abdurahman Achmad Al Anshary, menyarankan untuk memakan kurma ajwa sebanyak tujuh buah setiap harinya untuk mendapatkan manfaat secara maksimal.<br>\r\n\r\n<br>\"Biasanya kurma ajwa dikonsumsi sebanyak tujuh buah setiap harinya, karena berdasarkan hadist Nabi <b>Barangsiapa di pagi hari memakan tujuh butir kurma ajwa, maka ia tidak akan terkena racun dan sihir pada hari itu (Muttafaqun ‘alaih. HR. Bukhari, no. 5779 dan Muslim, no. 2047),</b>\" ucap Abdurrahman, dalam keterangan tertulisnya, Jumat (1/12/2023).<br>\r\n\r\n<br>Kurma ini menawarkan bukan hanya rasa yang lezat, tetapi juga beragam manfaat kesehatan, menjadikannya pilihan yang tepat bagi Anda yang mencari makanan bergizi dan menyehatkan.<br>\r\n', '2023-12-05', 'kesehatan3.png'),
(45, 6, 'Bocoran Kawasaki W175 Pakai Pelek Alloy, Mau Meluncur di India', 'Nizar', 'Kawasaki India baru saja menyebarkan bocoran motor baru yang akan meluncur saat India Bike Week, Jumat (8/12/2023). Dugaan kuat motor tersebut adalah Kawasaki W175 dengan pelek alloy.<br>\r\n\r\n<br>Lalu, dilihat dari profil bannya, sangat cocok dengan W175 yang masuk kategori entry level seri W. Ubahan yang disematkan ke W175 tampak cuma pada bagian kosmetik saja, seperti pelek dan stiker di tangki.<br>\r\n\r\n<br>Selain itu, untuk sektor mesin tampak tidak ada perubahan yang berarti. Paling penyematan ban tubeless saja, mengingat peleknya yang sudah alloy, bukan lagi jari-jari.<br>\r\n\r\n<br>Berarti di sektor mesin, kemungkinan tetap memakai mesin satu silinder 177cc berpendingin udara. Tenaga yang dihasilkan sekitar 13 TK dan torsi 13,2 Nm. Soal harga, Kawasaki W175 yang lama dijual sekitar 147.000 Rupee atau setara Rp 27 jutaan. Tapi sayang, motor entry level ini kurangg laku di India, alami kesulitan penjualan.<br>', '2023-12-06', 'otomotif1.jpeg'),
(46, 6, 'Antidote Pro7 Diesel War 2023 – MAKIN LARUT MAKIN PARTY', 'Nizar', 'Perjalanan kali ini membawa tim DeepEnd ke Jawa Tengah, tepatnya ke Solo. DeepEnd sejatinya sering sekali berkunjung ke Jawa Tengah, banyak memori dan teman di area ini. Namun kali ini tujuannya bukan hanya untuk silaturahmi saja, melainkan untuk event Diesel War 2023.<br>\r\n\r\n<br>Ajang ini didukung oleh Pro7 Auto Lighting. Ituloh, mereka yang banyak jual lampu mini projie (proyektor) dan modifikasi lampu yang digandrungi anak-anak diesel. Organisirnya, tak lain DeepEnd Event Promotor.<br>\r\n\r\n<br>DeepEnd sudah standby sejak tanggal 31 September, H-2 acara. Lapangannya ternyata keren, apalagi dipadukan dengan latar gedung De Tjolomadoe yang historis. Lanjut ke H-1, peserta mulai datang.<br>\r\n\r\n<br>Perlu dipahami banyak peserta yang datang dari luar Jawa Tengah, bahkan beberapa berangkat ke Solo sehabis pulang kerja dari kota masing-masing. Salut untuk semangatnya mengikuti acara ini.<br>\r\n\r\n<br>Begitu jam 7 malam, bukannya makin sepi, malah datang rombongan, bahkan yang jauh dari Medan dan Riau. Tim Jawa Timur pun datang sampai lebih dari 30 mobil. Maaf ya masyarakat sekitar, karena sempat macet saking ramainya. Lanjut ke besok paginya. Dari pagi jam 9, peserta masih terus berdatangan, utamanya dari area Jakarta dan sekitarnya. Masuk terus, pantang mundur.<br>\r\n', '2023-09-09', 'otomotif2.jpeg'),
(47, 6, 'Vespa Edisi Mickey Mouse Hadir di Indonesia, Segini Harganya', 'Nizar', 'Jakarta - Vespa Primavera edisi Mickey Mouse resmi dijual di Indonesia. Edisi spesial ini menjadi bentuk perayaan ulang tahun ke-100 perusahaan Disney.<br>\r\n\r\n<br>Vespa edisi Mickey Mouse ini sejatinya sudah diperkenalkan secara global pada Juni 2023. Kemudian Vespa dari basis Primavera ini resmi dijual di Indonesia, Rabu (6/12/2023).<br>\r\n\r\n<br>Ciri khas kolaborasi Vespa dan Mickey Mouse ini terlihat dari penggunaan warna dan grafis. Motor edisi spesial ini menggunakan warna hitam-merah, dan kuning.<br>\r\n\r\n<br>Kombinasi warna itu mewakili karakter kartun Mickey Mouse. Terutama jika melihat spion berwarna hitam metalik layaknya telinga besar karakter tersebut.<br>\r\n\r\n<br>Selanjutnya pola grafis putih yang menggambarkan siluet karakter menghiasi shield depan kendaraan dan kedua sisi kendaraan roda dua ini.<br>\r\n\r\n<br>Fender depan dan list rodanya diberi warna kuning, sama seperti sepatu Mickey. Tak kalah menarik, tersemat tanda tangan Mickey Mouse di sadel dan sisi depan kendaraan. Selain itu, terdapat sentuhan chrome pada beberapa detail membuat penampilan kendaraan semakin menawan.<br>\r\n\r\n<br>\"Perkenalan Disney Mickey Mouse Edition by Vespa mengajak mereka yang memiliki jiwa muda untuk terus mengekspresikan imajinasi secara bebas dan kreatif. Edisi ini membawa nilai-nilai seperti kreativitas, imajinasi, dan keceriaan, yang selalu menjadi ciri khas Vespa,\" tutup Marco.<br>\r\n\r\n<br>Tidak ada perbedaan spesifikasi mesin dengan Primavera pada umumnya. Vespa edisi Mickey Mouse ini dijejali jantung pacu 155 cc i-get satu silinder, 4 stroke, 3 katup yang bisa memuntahkan tenaga 9,5 kW di 7.750 rpm dan torsi 12,8 Nm di 6.500 rpm.<br>\r\n\r\n<br>Soal harga, dalam website resmi Vespa dijual Rp 60.200.000, harga itu on the road untuk wilayah Jakarta, Depok, Tangerang, dan Bekasi.<br>', '2023-12-06', 'otomotif3.jpeg'),
(48, 6, 'Melirik Harga Mobil Bekas Honda Brio Menjelang Akhir 2023', 'Nizar', 'Jakarta - Mobil Honda Brio sudah cukup lama diperkenalkan di Indonesia. Mobil mungil ini sudah memasuki generasi keduanya sejak tahun 2018, hingga saat ini belum ada perubahan spesifikasi yang signifikan pada Honda Brio.<br>\r\n\r\n<br>Pada tahun 2022 lalu, PT Honda Prospect Motors (HPM) hanya memberikan minor change pada Brio RS Urbanite. Pembaruannya sebatas warna bodi dan pelek baru, serta desain spoiler belakang yang berbeda.<br>\r\n\r\n<br>Dengan demikian, meminang Honda Brio dalam kondisi bekas menjadi pilihan yang menarik. Harga Brio di pasar mobil bekas cenderung cukup terjangkau, terutama untuk generasi pertamanaya.<br>\r\n\r\n<br>Meminang Honda Brio dalam kondisi bekas terbilang sebagai pilihan yang menarik. Generasi pertama banyak dijual dengan harga yang terjangkau, membuat mobil ini cocok bagi konsumen yang mengingingkan mobil dengan rasa berkendara sporti.<br>\r\n\r\n<br>Sedangkan Brio generasi kedua mempunyai spesifikasi yang sama tipa tahunnya. Dengan demikian konsumen dapat menggunakan uang sisa pembelian sebagai upgrade fitur, seperti penambahan kamera belakang atau lainnya.<br>\r\n\r\n<br>Berikut rincian harga bekas Honda Brio, disitat dari beragam situs jual-beli mobil bekas di Indonesia:<br>\r\n\r\nHonda Brio Gen.1 tahun 2012-2017 Rp 80-130 jutaan<br>\r\nHonda Brio Gen.1 RS tahun 2016-2018 Rp 120-150 jutaan<br>\r\nHonda Brio Gen.2 tahun 2018-sekarang Rp 140-160 jutaan<br>\r\nHonda Brio RS Gen.2 tahu 2018-sekarang Rp 160-190 jutaan<br>', '2023-12-06', 'otomotif4.jpeg'),
(49, 6, 'Penjualan Honda Turun 5,4 Persen pada Oktober 2023, Brio Masih Jadi Tulang Punggung', 'Nizar', 'Jakarta - PT Honda Prospect Motor (HPM) mencatatkan penjualan retail atau dari diler ke konsumen pada Oktober 2023 sebanyak 9.611 unit. Jumlah tersebut, turun 5,4 persen dibanding bulan sebelumnya, September 2023 sebanyak 10.170 unit.<br>\r\n\r\n<br>Pencapaian pabrikan berlambang huruf H ini, mengandalkan beberapa model, seperti all new CR-V yang berhasil mencatatkan retail sebanyak 534 unit atau meningkat sebesar 71 persen dibandingkan September 2023.<br>\r\n\r\n<br>Honda Brio masih menjadi tulang punggung Honda dengan mencatatkan penjualan sebanyak 4.494 unit, HR-V sebanyak 1.474 unit, BR-V sebanyak 1.361 unit, WR-V sebanyak 1.241 unit.<br>\r\n\r\n<br>Sementara itu, model Honda lainnya seperti Mobilio terjual 251 unit, City Hatchback RS 150 unit, Civic RS 67 unit, new Accord 14 unit, new City 16 unit serta Civic Type R hanya 9 unit.<br>\r\n\r\n<br>\"Hingga akhir tahun ini, kami akan terus berusaha menyegarkan pasar dengan berbagai aktivitas dan program penjualan yang memudahkan konsumen melakukan pembelian mobil Honda,\" jelas Yusak Billy, Sales & Marketing and After Sales Director PT HPM, dalam keterangan resmi, Kamis (16/11/2023).<br>\r\n\r\n<br>Secara total, dari Januari hingga Oktober 2023 penjualan retail Honda mencapai 106.637 unit. Jumlah tersebut meningkat sebesar 7 persen dibanding periode yang sama tahun lalu.<br>', '2023-11-07', 'otomotif5.jpeg'),
(50, 1, 'Ungkapan Pertama Justin Hubner Setelah Jadi WNI', 'Rania', 'Jakarta - Justin Hubner mengungkapkan rasa bahagianya setelah resmi menjadi Warga Negara Indonesia, Rabu (6/12/2023). Ia bertekad memberikan Indonesia kebanggaan.<br>\r\n\r\n<br>Proses naturalisasi Justin Hubner telah selesai sejak dimulai pada Oktober 2022 saat ia diperkenalkan PSSI bersama Ivar Jenner. Pada perjalanannya, prosesnya sempat rehat karena beberapa alasan.<br>\r\n\r\n<br>Sementara naturalisasi Ivar yang ditambah Rafael Struijk terus berlanjut dan bahkan mereka berdua menjadi WNI duluan. Naturalisasi Justin Hubner sempat nampak batal karena dipanggil Timnas Belanda U-20 pada awal Maret 2023.<br>\r\n\r\n<br>Setelahnya, tak ada kabar lanjutan tentang pemain Wolverhampton Wanderers U-21 itu. Ternyata PSSI melanjutkan naturalisasi Justin Hubner sebagaimana diumumkan pada awal November lalu dan prosesnya hanya tinggal menunggu Keputusan Presiden RI Joko Widodo.<br>\r\n\r\n<br>Setelah melalui berbagai drama dan proses yang panjang, Justin Hubner kini sudah resmi menjadi WNI. Ia mengaku tak sabar untuk segera membela Timnas Indonesia.<br>\r\n\r\n<br>\"Kabar saya baik, rasanya senang bisa berada di sini. Saya ingin segera membela Timnas Indonesia,\" kata Justin Hubner saat keluar dari Kantor Kemenkumham seusai menjalani prosesi pengambilan sumpah menjadi WNI.<br>\r\n\r\n<br>\"Saya mendapatkan banyak hal bersama mereka. Saya tidak sabar untuk bermain dan saya sangat gembira,\" ujarnya menambahkan.<br>\r\n\r\n<br>Dengan paspor Indonesia yang telah dikantonginya, Justin Hubner sudah bisa membela Timnas Indonesia dalam waktu dekat. Garuda akan menggelar Pemusatan Latihan (TC) di Turki pada akhir Desember sebagai persiapan Piala Asia 2023.<br>', '2023-12-06', 'olahraga1.jpeg'),
(51, 1, 'Inter Kesulitan Perpanjang Kontrak Dumfries', 'Rania', 'Jakarta - Inter Milan dikabarkan belum bisa memastikan untuk memperpanjang kontrak Denzel Dumfries. Situasi sebaliknya terjadi pada Henrikh Mkhitaryan dan Federico Dimarco.<br>\r\n\r\n<br>Ketiga pemain itu adalah pemain yang kerap menjadi pilihan utama Simone Inzaghi di musim ini. Nerazzurri kemudian mengambil ancang-ancang untuk menambah kontrak Mkhitaryan, Dimarco, dan Dumfries pada libur Natal nanti.<br>\r\n\r\n<br>Menurut La Gazzetta dello Sport, Inter masih kesulitan mendapatkan kesepakatan kontrak baru dari pihak Dumfries. Pemain asal Belanda itu meminta kenaikan gaji menjadi 5 juta euro atau sekitar satu juta euro lebih tinggi dari saat ini.<br>\r\n\r\n<br>Bek sayap berusia 27 tahun itu terikat kontrak hingga Juni 2025. Sejauh ini banyak tawaran datang dari Premier League Inggris dan Inter sejatinya bisa mengambil keuntungan besar.<br>\r\n\r\n<br>Mkhitaryan tidak ada masalah karena bersedia untuk mempertahankan gaji bersih 3,9 juta euro. Belum diketahui tambahan durasi kontak apakah satu tahun atau penyertaan opsi perpanjangan hingga Juni 2025.<br>\r\n\r\n<br>Dimarco juga tidak ada kendala meski meminta gaji 4 juta euro atau dua kali lipat lebih tinggi dari sebelumnya. Dimarco mau diikat lagi sampai Juni 2028, tanpa menyertakan klausul pelepasan.<br>', '2023-12-06', 'olahraga2.jpeg'),
(52, 1, 'Kemenpora Usul Bonus Asian Games dan Asian Para Games Naik 5 Persen', 'Rania', 'Jakarta, CNN Indonesia -- Sesmenpora Gunawan Suswantoro menyebut Kemenpora mengajukan ke Presiden Joko Widodo kenaikan bonus Asian Games dan Asian Para Games 2023 sebanyak lima persen dari 2018.<br>\r\n\r\n<br>Hal tersebut disampaikan Gunawan setelah acara pemberian Rekor MURI di Kemenpora, Kamis (2/11). Saat ini Kemenpora sedang menghitung secara rinci jumlah total bonus yang diajukan.<br>\r\n\r\n<br>\"Ya, sekarang sudah dihitung karena ternyata yang akan kita usulkan kemarin saya koordinasi dengan deputi empat itu bukan hanya yang dapat piala saja pelatihnya juga,\" kata Gunawan.<br>\r\n\r\n<br>\"Nah, ini sedang dihitung supaya lebih presisi jumlahnya kita masih mengusulkan sesuai dengan Asian Games 2018 kita tambah lima persen, tapi jumlah totalnya belum,\" ujarnya.<br>\r\n\r\n<br>Gunawan mengatakan yang kini sedang dihitung oleh Kemenpora adalah total uang yang diajukan ke pemerintah. Untuk total peraih bonus tersebut sudah tetap berdasarkan peraih medali.<br>\r\n\r\n<br>Ia juga menegaskan bahwa kenaikan itu hanya sebatas usulan. Nantinya tetap presiden yang menetapkan. Ini dilakukan Kemenpora karena pada 2018 ada kenaikan lima persen dari presiden.<br>\r\n\r\n<br>\"Kita kan minta kepada Pak Presiden [Joko Widodo] mohon arahan berapa besarannya? Karena itu yang menentukan pak presiden, bukan mas menteri,\" kata Gunawan.<br>\r\n\r\n<br>Dalam kesempatan tersebut Gunawan juga memastikan bonus yang dinaikkan tidak hanya untuk peraih medali Asian Games 2023, tetapi juga para peraih medali Asian Para Games 2023.<br>\r\n\r\n<br>\"Sama dua-duanya [Asian Games dan Asian Para Games]. Kita hanya memperkirakan karena prinsipnya yang dulu itu dinaikkan oleh Pak Presiden lima persen,\" ujar Gunawan.<br>\r\n\r\n<br>Untuk waktu pembagian, pihak Kemenpora tidak bisa memastikan. Waktu pasti pembagian ada di kebijakan presiden. Kemenpora hanya mengusulkan dibagikan bersamaan.<br>', '2023-12-02', 'olahraga3.jpeg'),
(53, 1, 'Harap-harap Cemas Nasib MU di Liga Champions', 'Rania', 'Jakarta, CNN Indonesia -- Manchester United akan bertandang ke Stadion RAMS Park, Istanbul menghadapi Galatasaray pada lanjutan babak penyisihan Grup A Liga Champions, Kamis (30/11) dini hari WIB.<br>\r\n\r\n<br>Laga ini bisa jadi penentu nasib Man Utd di Liga Champions dengan beberapa kondisi. Terdapat skenario yang membuat The Red Devils bisa bertahan atau tersingkir dari turnamen kasta tertinggi Eropa.<br>\r\n\r\n<br>Saat ini Man Utd berada di posisi juru kunci klasemen sementara Grup A dengan tiga poin dari empat pertandingan. Hasil minor itu dipetik dari satu kemenangan dan tiga kekalahan.<br>\r\n\r\n<br>Beruntung kesempatan skuad besutan Erik Ten Hag masih terbuka. Sebab, Copenhagen dan Galatasaray yang ada di peringkat dua serta ketiga saat ini sama-sama mengantongi empat angka.<br>\r\n\r\n<br>Man Utd masih bisa memperjuangkan peluang lolos lewat jalur peringkat kedua. Sedangkan peluang memimpin Grup A sudah tertutup lantaran Bayern Munchen terlalu perkasa di peringkat pertama sekaligus sudah memastikan tiket fase gugur dengan koleksi 12 poin dari empat laga.<br>\r\n\r\n<br>The Red Devils bisa memperbesar peluang melaju ke babak 16 besar jika menang atas Galatasaray kemudian Copenhagen dikalahkan Bayern Munchen. Jika hal itu terjadi maka Man Utd akan mengambil alih peringkat kedua dengan enam poin.<br>\r\n\r\n<br>Di satu sisi, kemenangan atas Galatasaray memang tak serta-merta memastikan tiket 16 besar. Namun setidaknya hasil itu bisa jadi modal berharga bagi Marcus Rashford dan kawan-kawan untuk menghadapi Bayern Munchen di laga pamungkas Grup A pada 13 Desember mendatang.<br>\r\n\r\n<br>Kalaupun Man Utd menang atas Galatasaray dan Copenhagen juga mampu mengalahkan Bayern Munchen sekaligus mempertahankan peringkat kedua, peluang MU belum tertutup.<br>\r\n\r\n<br>Di sisi lain, Man Utd juga tidak bisa menafikan kemungkinan kalah dari Galatasaray. Karena jika hal itu terjadi dan Copenhagen menang atas Bayern Munchen, maka dipastikan Man Utd akan terlempar dari Liga Champions.<br>\r\n\r\n<br>Karena itu, pertandingan melawan Galatasaray adalah pintu gerbang menuju tahap berikutnya. Kemenangan pembuka pintu ke babak 16 besar dan kekalahan akan menutup kesempatan rapat-rapat. Tiga poin adalah barang yang wajib dibawa pulang dari Istanbul.<br>\r\n\r\n<br>Man Utd sedang dalam motivasi tinggi setelah pesta tiga gol saat bertandang ke Goodison Park akhir pekan lalu. Kemenangan meyakinkan setelah jeda internasional mengisyaratkan anak asuh Erik Ten Hag tak memiliki masalah berarti di dalam lapangan.<br>\r\n\r\n<br>Padahal ada delapan pemain Man Utd yang sedang dibekap cedera saat ini. Mereka adalah Lisandro Martinez, Casemiro, Amad Diallo, Mason Mount, Jonny Evans, Christian Eriksen, dan Tyrell Malacia.<br>\r\n\r\n<br>Ditambah dengan rumor retaknya hubungan Raphael Varane dengan Ten Hag, situasi ini membuat pelatih tak punya opsi yang banyak dalam menentukan pemain. Duet Vicor Lindelof dan Harry Maguire di pos bek tengah pun sempat dianggap tidak ideal karena performa kedua pemain yang sempat angin-anginan.<br>\r\n\r\n<br>Namun perlahan kepercayaan publik terhadap Maguire kembali pulih, begitu juga kepada Lindelof. Berkaca dari performa melawan Everton dan situasi lini belakang yang tidak menentu, Lindelof dan Maguire kemungkinan besar bakal kembali jadi tandem.<br>\r\n\r\n<br>Akan tetapi, Man Utd juga perlu mewaspadai Galatasaray yang kembali beringas di kompetisi domestik. Selepas jeda internasional, raksasa Turki itu baru saja menang 4-0 atas Alanyaspor setelah menelan dua kekalahan beruntun di semua turnamen.<br>\r\n\r\n<br>Lini depan Galatasaray juga nampak mengerikan. Pada kemenangan 4-0 di laga sebelumnya, pemain-pemain bintang seperti Mauro Icardi, Dries Mertens, dan Wilfried Zaha mencetak gol. Ini jadi isyarat bahaya bagi lini pertahanan Man Utd.<br>\r\n\r\n<br>Karena itu, Man Utd tidak boleh mengulangi tampil gegabah di Liga Champions. Sebab, sejatinya The Red Devils punya produktivitas yang cukup apik dengan sembilan gol atau yang terbanyak kedua di Grup A. Namun jumlah kebobolannya juga paling banyak dengan 11 kali.<br>\r\n\r\n<br>Dari tiga kekalahan yang dialami Man Utd, seluruhnya dengan skor yang tak sedikit mulai dari 3-4 sebanyak dua kali dan 2-3 satu kali. Melihat ini,MUperlu banyak berkaca dari kesalahan.<br>\r\n\r\n<br>Sebab satu-satunya kemenangan di babak penyisihan kontra Copenhagen juga bukan cerminan MU bermain efisien lantaran gol baru tercipta di menit ke-72 lewat Harry Maguire. Dari keadaan ini, menjaga motivasi setelah menang besar dan menghindari kesalahan bakal memperkuat kemenangan Man Utd atas Galatasaray.<br>', '2023-11-02', 'olahraga4.jpeg'),
(54, 1, 'Jadwal Guwahati Masters Rabu: Marcus/Rayhan Main', 'Rania', 'Jakarta, CNN Indonesia -- Laga Guwahati Masters akan digelar pada Rabu (6/12). Berikut jadwal pemain Indonesia di Guwahati Masters hari ini termasuk Marcus Fernaldi Gideon/Muhammad Rayhan Nur Fadillah.<br>\r\n\r\n<br>Marcus/Rayhan yang mengalami kekalahan di babak pertama Syed Modi India International bakal berusaha tampil lebih baik di turnamen kategori Super 100 ini. Di babak pertama, Marcus/Rayhan yang jadi unggulan kelima bakal berduel lawan Chiang Chien Wei/Wu Hsuan Yi.<br>\r\n\r\n<br>Selain itu Dejan Ferdinansyah/Gloria Emanuelle Widjaja yang jadi juara di Syed Modi India pada pekan lalu juga kembali tampil di pekan ini. Dejan/Gloria jadi unggulan pertama dan akan menghadapi Nithin H.V/Ridhi Kaur Toor di babak pertama.<br>\r\n\r\n<br>Pada nomor tunggal putri, Ester Nurumi Tri Wardoyo juga masuk sebagai unggulan kedelapan di turnamen ini. Ester bakal bertarung melawan Tiffany Ho dari Australia di babak pertama.<br>\r\n\r\n<br>Sedangkan Alwi Farhan, juara dunia junior 2023, bakal memulai perjalanannya dengan langsung menghadapi pemain unggulan. Alwi Farhan bakal bertarung lawan unggulan kedua, Chia Hao Lee dari Taiwan.<br>\r\n\r\n<br>Laga babak pertama Guwahati Masters pada Rabu (6/12) akan dimulai pukul 09.30 WIB.<br>\r\n\r\n<br>Jadwal Wakil Indonesia di Guwahati Masters 2023<br>\r\n\r\n<br>Lapangan 1<br>\r\nYohanes Saut Marcellyno vs Kantaphon Wangcharoen (urutan 8)<br>\r\nTasya Farahnailah vs Lin Sih Yun (urutan 12)<br>\r\n\r\n<br>Lapangan 2<br>\r\nStephanie Widjaja vs Unnati Hooda (urutan 4)<br>\r\nAdnan Maulana/Nita Violina Marwah vs Chayanit Joshi/Kavya Gupta (urutan 5)<br>\r\nMeilysa Trias Puspitasari/Rachel Allessya Rose vs Arul Bala Radhakrishnan/Varshini Viswanath Sri (urutan 10)<br>\r\nBilqis Prasista vs Anupama Upadhyaya (urutan 11)<br>\r\nJesita Putri Miantoro/Febi Setianingrum vs Sri Sai Sravya Lakkamraju/Anagha Aravinda Pai (urutan 16)<br>\r\n\r\n<br>Lapangan 3<br>\r\nJason Christ Alexander vs Ayush Shetty atau Arunesh Hari (urutan 9)<br>\r\nMarcus Fernaldi Gideon/Muhammad Rayhan Nur Fadillah vs Chiang Chien Wei/Wu Hsuan Yi (urutan 14)<br>\r\n\r\n<br>Lapangan 4<br>\r\nJafar Hidayatullah/Aisyah Salsabila Putri vs Mads Vestergaard/Christine Busch (urutan 2)<br>\r\nEster Nurumi Tri Wardoyo vs Tiffany Ho (urutan 5)<br>\r\nAlvi Wijaya vs Rahu Mariswamy (urutan 6)<br>\r\nAlwi Farhan vs Chia Hao Lee (urutan 11)<br>\r\n\r\n<br>Lapangan 5<br>\r\nRafli Ramanda/Indah Cahya Sari Jamil vs Reddy Sumeeth/Reddy Sikki (urutan 3)<br>\r\nDejan Ferdinansyah/Gloria Emanuelle Widjaja vs Nithin H.V/Ridhi Kaur Toor (urutan 5)<br>', '2023-12-06', 'olahraga5.jpeg'),
(55, 5, 'Simpatisan PDIP Jateng Deklarasi Dukung Prabowo-Gibran, Hasto: Itu Dibayar, Sudah Ketahuan', 'Nizar', 'Ratusan orang yang mengatasnamakan kader PDIP di Jawa Tengah (Jateng) dan mendeklarasikan Pasangan Capres-Cawapres Nomor Urut 2, Prabowo-Gibran sudah teridentifikasi.<br>\r\n\r\n<br>Sekjen DPP PDIP Hasto Kristiyanto mengungkapan bahwa ratusan orang yang mengaku-ngaku kader dan simpatisan PDIP Jateng itu sudah meminta maaf dan mengaku sebagai massa bayaran.<br>\r\n\r\n<br>“Itu dibayar, Sudah ketahuan, sudah minta maaf ibunya,” ungkap Hasto kepada wartawan di Gedung High End, Kebon Sirih, Jakarta, Rabu (6/12).<br>\r\n\r\n<br>Hasto menyesalkan cara-cara politik semacam itu. Menurutnya, upaya sabotase mengatasnamakan PDIP merupakan cara yang kotor.<br>\r\n\r\n<br>“Itu cara-cara kotor di dalam politik. Mereka yang berpolitik dengan proses yang tidak benar itu akan cenderung melakukan cara-cara seperti itu,” tegasnya.<br>\r\n\r\n<br>Lebih jauh, Hasto memastikan bahwa ratusan orang yang mengatasnamakan kader dan simpatisan PDIP itu bukanlah bagian dari partai berlambang banteng moncong putih.<br>\r\n\r\n<br>“Jadi, kita sudah cek dan PDIP ini antara anggota dan simpatisan ini jadi satu, saling mengenal. Jadi kami tidak tahu itu. Jadi itu bagian dari propaganda-propaganda yang justru malah merugikan Pak Prabowo dan Mas Gibran. Karena rakyat kita ini suka kejujuran,” pungkas Sekretaris TPN Ganjar-Mahfud ini.<br>\r\n\r\n<br>Sebelumnya, ratusan kader dan simpatisan PDIP Jawa Tengah yang menggelar deklarasi di Pekalongan, untuk mendukung Pasangan Calon Nomor Urut 2, Prabowo Subianto-Gibran Rakabuming Raka.<br>\r\n\r\n<br>Koordinator Kader dan Simpatisan PDIP Jateng, Titi Setiasih mengungkapkan, dukungan itu diberikan setelah melihat visi misi Prabowo-Gibran yang dinilai lebih pro terhadap wong cilik.<br>', '2023-12-06', 'politik1.jpeg'),
(56, 5, 'Tegas! Kaesang Persilakan Ade Armando Keluar dari PSI Buntut Ucapan Dinasti Politik DIY', 'Nizar', 'Ketua Umum DPP Partai Solidaritas Indonesia (PSI) Kaesang Pangarep menegaskan PSI merupakan partai yang taat pada konstitusi dan Undang-Undang menyangkut tentang Daerah Istimewa Yogyakarta.<br>\r\n\r\n<br>Kaesang kemudian mempersilakan kadernya Ade Armando untuk keluar dari PSI bila tidak bisa mengikuti aturan konstitusi terkait DIY.<br>\r\n\r\n<br>\"Kami partai PSI taat pada aturan konstitusi, apalagi yang menyangkut Daerah Istimewa Yogyakarta,\" kata Kaesang di Surabaya, Jawa Timur, Rabu (6/12/2023) malam.<br>\r\n\r\n<br>Ade Armando dan kader partai lainnya yang tidak bisa mengikuti UU atau Undang-undang Dasar (UUD) 1945 kata Kaesang, untuk keluar dari partai. Terkhusus untuk Ade Armando yang sudah menyinggung dinasti di Yogyakarta.<br>\r\n\r\n<br>\"Bang Ade atau kader lain yang tidak bisa taat, bisa keluar saja dari PSI,\" tegas putra bungsu Presiden Joko Widodo itu.<br>\r\n\r\n<br>Lebih lanjut, Kaesang menyebut kalau dirinya bagian dari Yogyakarta.<br>\r\n\r\n<br>\"Saya bagian dari Yogyakarta, saya juga menikah di Yogyakarta, istri saya juga orang Yogya,\" katanya.<br>\r\n\r\n<br>Sementara itu, Wakil Ketua Dewan Pembina PSI Grace Natalie mengatakan partainya menangani secara serius pernyataan Ade Armando soal politik dinasti di Daerah Istimewa Yogyakarta (DIY).<br>\r\n\r\n<br>\"Jadi, ini masalah yang buat kami perlu ditangani sangat serius. Oleh karenanya, proses di internal partai masih terus berlangsung,\" kata Grace di Bangkalan, Jawa Timur.<br>\r\n\r\n<br>Menurut dia, Ade Armando sendiri telah mendapatkan teguran keras dari Ketum PSI Kaesang Pangarep.<br>\r\n\r\n<br>\"(Untuk sanksi) masih dirapatkan, tapi sudah ada teguran keras langsung dari Mas Kaesang,\" kata Grace.<br>\r\n\r\n<br>Terkait itu, Ade Armando disebut sudah membuat video pernyataan permintaan maaf yang disampaikan melalui media sosialnya.<br>\r\n\r\n<br>Ade Armando minta maaf lewat akun TikToknya usai membuat gaduh soal politik dinasti di DIY.\r\n\"Bang Ade menekankan bahwa pendapat yang dilontarkannya adalah opini pribadi, bukan opini PSI. Tidak ada koordinasi sama sekali dan kami pun kaget dengan pernyataan beliau,\" katanya.<br>\r\n\r\n<br>Pernyataan Ade Armando<br>\r\n\r\n<br>Sebelumnya, politisi PSI Ade Armando menyampaikan kritik kepada para mahasiswa khususnya Badan Eksekutif Mahasiswa (BEM) Universitas Indonesia (UI) dan Universitas Gajah Mada (UGM), yang menggelar aksi protes terkait politik dinasti.<br>\r\n\r\n<br>Ade Armando menyebut bahwa BEM UI dan BEM UGM ironi karena sesungguhnya Daerah Istimewa Yogyakarta yang mempraktikkan politik dinasti. Hal itu disampaikan Ade Armando lewat akun X miliknya, @adearmando61.<br>', '2023-12-06', 'politik2.jpeg'),
(57, 5, 'Rocky Gerung Soal Niat PDIP Cabut Laporan: Lebih Baik Terlambat daripada Dungu', 'Nizar', 'Tim hukum PDIP akan mencabut laporan terhadap Rocky Gerung yang mengkritisi Presiden Joko Widodo (Jokowi) dengan menggunakan kata <b>bajingan</b> dan <b>tolol</b>. Apa respons Rocky Gerung?<br>\r\n\r\n<br>\"Lebih baik terlambat daripada dungu,\" kata Rocky kepada wartawan melalui pesan singkat, Jumat (1/12/2023).<br>\r\n\r\n<br>Tim hukum PDIP, pada Rabu (29/11) mengatakan pihaknya akan mencabut laporan terhadap Rocky Gerung di Bareskrim Polri. Laporan ini terkait Rocky yang diduga menyebarkan berita bohong (hoax) yang menyebabkan keonaran di masyarakat.<br>\r\n\r\n<br>\"Suratnya sudah saya teken, tinggal menyerahkan ke penyidik. Ya semuanya akan dikait-kaitkan, ini kan lagi tahun politik. <b>Oh dicabut</b>, <b>oh karena sudah pecah kongsi</b>, nah itu haknya orang mau bicaralah,\" kata Tim Badan Bantuan Hukum dan Advokasi Rakyat (BBHAR) DPP PDIP, Johannes Lumban Tobing, saat dihubungi, Rabu (29/11) malam.<br>\r\n\r\n<br>Johannes mengaku pihaknya kini sepakat dengan pernyataan Rocky soal <b>bajingan</b> dan <b>tolol</b>. \"Kurang lebih saya setujulah yang disampaikan Rocky Gerung, itu poinnya,\" imbuh dia.<br>\r\n\r\n<br>Johannes menilai sikap Presiden Jokowi saat ini telah berubah. Menurutnya, Jokowi kini lebih mementingkan kepentingan pribadinya ketimbang rakyat.<br>\r\n\r\n<br>\"Saya lihat Pak Presiden Joko Widodo ini saya lihat sudah berubah. Berubah karena lama-lama saya lihat tidak seperti yang saya kenal. Jokowi yang dulu, yang betul-betul kita perjuangkan mulai dari DKI, yang kita bawa dari DKI sampai dua periode jadi presiden,\" ungkap dia.<br>\r\n\r\n<br>Johannes mengatakan dulu Presiden Jokowi benar-benar bekerja untuk rakyat. Namun, kata dia, saat ini Jokowi sudah <b>keluar jalur</b>.<br>\r\n\r\n<br>\"Dulu dia betul-betul bekerja untuk rakyat, betul-betul memikirkan kesejahteraan rakyat. Bekerja siang dan malam. Tapi kok belakangan ini sudah makin ngelantur nih. Sudah tidak pada jalurnya,\" lanjutnya.<br>\r\n\r\n<br>Kader PDIP itu juga menyinggung soal putusan MK terkait batas usia capres-cawapres. Dia menyindir soal lolosnya Gibran Rakabuming Raka sebagai cawapres, yang akhirnya berdampingan dengan capres Prabowo Subianto.<br>\r\n\r\n<br>\"Nah umurnya (Gibran) baru 36 tahun, persyaratan harus 40 tahun. Dengan segala alasan-alasan yang tidak masuk akal itu diloloskan. Nah kenapa dia bisa lolos, ya karena dia anak presiden,\" tegas Johannes.<br>\r\n\r\n<br>Atas dasar itu lah, dia menilai apa yang disampaikan Rocky Gerung ada benarnya. \"Lah kalau dengan seperti itu, buat apa juga buat kita jaga-jaga juga. Saya kira yasudahlah, apa yang dimaksud, diceritakan Rocky Gerung itu, itu ambisi untuk mempertahankan legacy-nya, saya kira benar juga,\" tutur Johanes.<br>\r\n\r\n<br>Laporan yang dilayangkan PDIP itu sebelumnya telah diterima dan teregister dengan nomor: LP/B/217/VIII/2023/SPKT/ Bareskrim Polri tertanggal 2 Agustus 2023. Rocky dituduhkan melanggar Pasal 28 Ayat 2 UU ITE dan atau Pasal 14 dan atau Pasal 15 UU Nomor 1 Tahun 1946.<br>\r\n\r\n<br>Selain dari PDIP, Bareskrim mencatat ada 25 laporan polisi lainnya yang dilayangkan terhadap Rocky di Bareskrim dan polda jajaran. Kasus tersebut juga telah naik ke tahap penyidikan, namun belum ada tersangka yang ditetapkan.<br>', '2023-12-02', 'politik3.jpeg'),
(58, 5, 'Pj Gubernur Sumut ajak masyarakat tolak politik uang pada Pemilu 2024', 'Nizar', 'Penjabat Gubernur Sumatera Utara Hassanudin mengajak masyarakat untuk menolak politik uang pada Pemilihan Umum (Pemilu) 2024 guna melahirkan pemimpin dan wakil rakyat yang berkualitas.<br>\r\n\r\n<br>\"Ayo sama-sama kita sukseskan pemilu tahun ini, tingkatkan partisipasi dibarengi dengan objektivitas memilih, pilihlah dengan rasional, tidak tergiur politik uang, kampanye hitam dan lainnya,\" ujar Hassanudin saat menerima kunjungan kerja kunjungan kerja Ketua Komisi II DPR RI, Ahmad Doli Tanjung di Medan, Rabu.<br>\r\n\r\n<br>Menurutnya, partisipasi dalam Pemilu 2024, bukan hanya secara kuantitas, tetapi juga secara kualitas. Dengan begitu, yang terpilih nantinya benar-benar hasil dari pemilih yang objektif.<br>\r\n\r\n<br>\"Saya juga berharap masyarakat bijak dalam menggunakan media sosial baik menerima atau menyebarluaskan informasi,\" kata Hassanudin.<br>\r\n\r\n<br>Hassanudin mengaku tahapan-tahapan pemilu di Sumut berjalan dengan baik. Walau tetap perlu ada kewaspadaan, terutama beberapa bulan ke depan.<br>\r\n\r\n<br>\"Secara umum berjalan baik, walau ada beberapa catatan yang perlu menjadi perhatian, seperti kerawanan keamanan di masa kampanye, informasi hoaks di sosial media dan konflik,\" sebutnya.<br>\r\n\r\n<br>Untuk itu, ia mengajak seluruh elemen masyarakat untuk bersama-sama menjadikan pesta demokrasi ini yang aman, tentram dan damai.<br>\r\n\r\n<br>\"Indeks kerawanan real time dalam kategori sedang, tetapi perlu kewaspadaan kita menyikapi dinamika yang berkembang saat ini, terutama mendekati hari pemilu,\" ujarnya.<br>\r\n\r\n<br>Sementara itu, Ketua Komisi II DPR RI Ahmad Doli Kurnia Tanjung mengatakan ada empat indikator yang harus dilakukan oleh semua pihak agar Pemilu 2024 berjalan dengan sukses.<br>\r\n\r\n<br>\"Ada empat indikator kesuksesan pemilu yang harus dilakukan yaitu tahapan berjalan baik, tingkat partisipasi secara kuantitatif dan kualitatif, tidak adanya konflik dan berjalannya program-program pemerintah,\" ujar Ahmad Doli Kurnia.<br>\r\n\r\n<br>Menurutnya, masa tahapan kampanye yang terhitung 66 hari lagi menjelang pemilu merupakan masa rawan terjadinya hal-hal yang tidak diinginkan. Untuk itu, ia meminta seluruh pihak agar meningkatkan kewaspadaan sehingga pesta demokrasi berjalan dengan baik.<br>\r\n\r\n<br>\"Dikatakan sukses, bila kita memenuhi keempat indikator tersebut. Tahapan pemilu saat ini memasuki masa kampanye, ada 66 hari lagi menjelang pemilu, dan ini masa-masa yang rawan, kita perlu waspada, dinamikanya harus tetap dijaga, tetapi tidak sampai menimbulkan kericuhan,\" katanya.<br>', '2023-12-06', 'politik4.jpeg'),
(59, 5, 'Dialog Terbuka Anies-Muhaimin Jadi Sarana Pendidikan Politik', 'Nizar', 'SURAKARTA – Anies Baswedan – Muhaimin Iskandar, Calon Presiden dan Wakil Presiden Koalisi Perubahan melakukan konferensi pers setelah mengikuti Dialog Terbuka Muhammadiyah bersama Calon Pemimpin Bangsa yang disampaikan di Gedung Edutorium KH Ahmad Dahlan Universitas Muhammadiyah Surakarta (UMS), Rabu (22/11).<br>\r\n\r\n<br>Pada kesempatan tersebut, Ketua Umum Pimpinan Pusat Muhammadiyah (PPM) Prof., Dr., K.H., Haedar Nashir, M.Si., berharap dengan adanya kegiatan ini, Indonesia akan memiliki perubahan yang baik.<br>\r\n\r\n<br>“Kami harapkan adanya perubahan untuk Indonesia, selain itu kami juga berharap Indonesia kedepan adalah Indonesia yang dicita-citakan oleh pendiri bangsa,” ungkapnya.<br>\r\n\r\n<br>Selain itu Ketua Umum PPM itu juga berharap Pemilihan Umum (Pemilu) 2024 berlandaskan pada asas Langsung, Umum, Bebas, Rahasia, Jujur, dan Adil.<br>\r\n\r\n<br>Dalam kesempatan tersebut pula, Haedar Nashir juga menyampaikan terkait Muhammadiyah sebagai organisasi non politik dan kegiatan Dialog Terbuka Muhammadiyah menjadikan masyarakat memiliki pemahaman akan Pemilu.<br>\r\n\r\n<br>“Muhammadiyah sudah dikenal sebagai organisasi non politik praktis dan organisasi masyarakat-organisasi masyarakat yang lain, tidak dalam kapasitas dukung mendukung partai partai politik. Maka kami lewat cara yang bersifat keilmuan dan lewat cara yang elegan, membuka peluang masyarakat untuk tahu apa yang mereka pilih, cerdas apa yang mereka pilih dan juga bertanggung jawab dengan apa yang mereka pilih,” tegasnya.<br>\r\n\r\n<br>Saat konferensi pers, Capres Pemilu 2024, Anies Baswedan menyampaikan terima kasih kepada Muhammadiyah, yang telah memberikan fasilitas yang baik.<br>\r\n\r\n<br>“Terimakasih kepada PP muhammadiyah, khususnya Pak Haedar dan Pak Mu’ti yang telah memfasilitasi acara dialog seperti ini,” ungkapnya.<br>\r\n\r\n<br>Selain itu, Anies menyampaikan bahwa kegiatan ini menjadikan kesempatan mereka untuk dapat menyampaikan visi dan misi yang telah dirancang kepada masyarakat.<br>\r\n\r\n<br>“Kegiatan ini adalah kesempatan bagi kita semua, satu sisi kami menjelaskan apa yang menjadi rekam jejak, rekam capaian dan menjadikan visi misi dan rencana. Disisi lain bagi masyarakat kesempatan untuk melakukan penilaian, melakukan pencermatan atas apa yang kami sampaikan,” tambahnya.<br>\r\n\r\n<br>Anies Baswedan berharap, dengan adanya kegiatan dialog terbuka ini menjadikan proses Pemilu 2024 penuh informasi, masyarakat dapat memilih capres-cawapres dengan pengetahuan yang lengkap tentang calon, tentang program calon yang akan dipilih, dan tentang kinerja selama ini.<br>\r\n\r\n<br>“Saya bersyukur sekali dan terima kasih, acaranya luar biasa, antusias audiens nya sangat besar,” tambahnya, mengingat audiens memadati Edutorium UMS.<br>\r\n\r\n<br>Muhaimin Iskandar juga menyampaikan kegiatan ini menjadikan sarana pendidikan politik masyarakat dan sharing aspirasi bagi masyarakat.<br>\r\n\r\n<br>“Terima kasih kepada Pak Haedar dan keluarga Muhammadiyah. Muhammadiyah telah mendidik anak bangsa tetapi mendidik kita cerdas politik, merawat bangsa melalui Pemilu, menjaga partisipasi Pemilu, sehingga semua rakyat terlibat dan ikut menjadi bagian dari keberhasilan pemilu dan keberhasilan membentuk pemerintahan yang adil, makmur dan sejahtera di masa yang akan datang,” ungkap Cawapres Nomor Urut 1 itu.<br>', '2023-11-22', 'politik5.jpeg'),
(60, 9, 'Rangkuman Hari Ke-653 Serangan Rusia ke Ukraina: Putin Maju ke Pilpres 2024 | Syarat Turkiye Ratifikasi Swedia', 'Aprilisa', 'Perang Rusia-Ukraina memasuki hari ke-653 pada Jumat (8/12/2023), ditandai dengan laporan RIA Novosti bahwa Presiden Vladimir Putin akan maju ke pilpres 2024.<br>\r\n\r\n<br>Sementara itu, Presiden Turkiye Recep Tayyip Erdogan mengajukan syarat untuk meratifikasi pengajuan Swedia bergabung ke NATO, yaitu terkait pembelian jet tempur F-16 dari Amerika Serikat.<br>\r\n\r\n<br>Dikutip dari kantor berita AFP, berikut adalah rangkuman perang Ukraina-Rusia terkini.<br>\r\n\r\n<br><b>1. Putin maju lagi ke pilpres Rusia 2024</b><br> \r\n\r\n<br>Media Pemerintah Rusia RIA Novosti pada Jumat (8/12/2023) melaporkan, Presiden Vladimir Putin akan maju lagi ke pilpres Maret 2024.<br>\r\n\r\n<br>Menurut laporan RIA Novosti, Putin memberitahu keputusannya itu kepada Letnan Kolonel Artyom Zhoga yang merupakan perwira militer Rusia.<br> \r\n\r\n<br>Mereka menghadiri upacara penghargaan bagi personel militer di Kremlin.<br>\r\n\r\n<br><b>2. Turkiye setujui Swedia gabung NATO jika AS jual F-16</b><br>\r\n\r\n<br>Presiden Turkiye Recep Tayyip Erdogan pada Jumat (8/12/2023) menyatakan, ratifikasi negaranya atas pengajuan Swedia bergabung ke NATO akan tergantung apakah Amerika Serikat (AS) bersedia menjual jet tempur F-16 ke Ankara secara bersamaan.<br> \r\n\r\n<br>Swedia dan Finlandia mengakhiri kebijakan non-blok militer yang sudah dianutnya selama puluhan tahun dan mendaftar bergabung ke NATO sejak invasi Rusia ke Ukraina tahun lalu.<br>\r\n\r\n<br>Pengajuan mereka mendapat persetujuan jalur cepat dari semua anggota NATO kecuali Turkiye dan Hongaria.<br>\r\n\r\n\r\n<br><b>3. Ukraina jatuhkan 14 dari 19 rudal Rusia</b><br>\r\n\r\n<br>Ukraina pada Jumat (8/12/2023) mengatakan, pihaknya menjatuhkan 14 dari 19 rudal jelajah yang diluncurkan Rusia dalam semalam.<br>\r\n\r\n<br>Serangan udara terbaru Rusia ini menyebabkan dua orang tewas dan beberapa korban luka-luka.<br> \r\n\r\n<br>Ukraina sebelumnya menyebutkan, Rusia menimbun drone dan rudal untuk menyerang jaringan energi Ukraina yang sedang kesulitan selama musim dingin.<br>', '2023-12-09', 'global1.jpg'),
(61, 9, 'Penulis Gaza Deskripsikan Suasana Apokaliptik Gaza: Belum Pernah Seperti Ini Sebelumnya...', 'Aprilisa', 'Orang-orang yang sangat lapar membobol gudang PBB untuk mengambil apa pun yang bisa mereka temukan. Anak-anak ketakutan dengan suara bising serangan udara. Keluarga-keluarga menggunakan air laut untuk mencuci. Orang-orang menebang pohon di pemakaman untuk digunakan sebagai bahan bakar untuk memanggang roti.<br>\r\n\r\n<br>Dan di pagi hari, pada hari-hari ketika telepon berfungsi, banyak panggilan telepon ke kerabat dan teman untuk memeriksa apakah mereka selamat dari perang dua bulan antara Israel dan Hamas di Gaza.<br>\r\n\r\n<br>Ibrahim, seorang penulis berusia 50 tahun yang tidak mau menyebutkan nama lengkapnya, menggambarkan suasana pelik itu pada Reuters.<br>\r\n\r\n<br>Dia mengatakan bahwa pertumpahan dara terjadi setiap hari. Suasana rumah sakit yang mengerikan dan penderitaan para pengungsi yang tidur seadanya di tenda-tenda hanyalah sebagian kecil dari bencana kemanusiaan yang dirasakan semua orang di Gaza. <br>\r\n\r\n<br>\"Lebih dari sekali, para pengungsi menjadi marah dan terkadang menyerbu gudang-gudang UNRWA karena kelaparan tidak kalah mematikannya dengan penembakan,\" katanya.<br>\r\n\r\n<br>\"Tragedi ini tidak terlihat oleh dunia. Pemandangan mayat, potongan tubuh, darah dan pemboman memang terlihat, namun krisis ini menimbulkan kemarahan di kalangan warga Gaza,\" ujarnya.<br>\r\n\r\n<br>Dia berbicara sehari setelah kepala hak asasi manusia PBB, Volker Turk, menggambarkan kondisi di Gaza sebagai situasi apokaliptik.<br>\r\n\r\n<br>Sebagai seorang ayah dari lima anak, Ibrahim adalah salah satu dari ratusan ribu orang yang telah meninggalkan rumah mereka di Gaza utara untuk mengungsi ke tempat penampungan di wilayah selatan, yang kini menjadi lokasi pertempuran sengit antara Israel dan Hamas.<br>\r\n\r\n<br>\"Tekanan Israel bukan hanya dari pemboman,\" katanya.<br>\r\n\r\n<br>Sejak gencatan senjata selama seminggu berakhir pada 1 Desember, aliran truk bantuan dari Mesir ke Gaza telah berkurang menjadi tetesan air yang hanya dapat mencapai ujung selatan jalur tersebut.<br>\r\n\r\n<br>Kantor kemanusiaan PBB, OCHA, sebelumnya mengatakan bahwa selama empat hari berturut-turut, Rafah di perbatasan dengan Mesir adalah satu-satunya gubernuran di Gaza di mana distribusi bantuan terbatas.<br>\r\n\r\n<br>Hal itu berarti rak-rak kosong di toko-toko, harga yang sangat tinggi untuk beberapa barang yang tersedia, dan kembali ke sistem barter.<br>\r\n\r\n<br>\"Kami membakar arang dan memanggangnya untuk memberi makan anak-anak kami. Makanan sangat terbatas,\" kata Ibrahim.<br>\r\n\r\n<br>\"Komoditas dasar tidak ada. Tidak ada susu untuk bayi. Kami membeli apa pun yang tersedia di pasar,\" katanya, seraya menambahkan bahwa harga sekarung tepung melonjak dari sekitar 40 shekel (10,8 dollar AS) sebelum perang menjadi 500 shekel sekarang.<br>\r\n', '2023-12-08', 'global2.jpg'),
(62, 9, 'Pasukan Israel Gempur Gaza Selatan, Warga Sipil: Tak Ada Tempat Aman ', 'Aprilisa', 'Pasukan Israel bertempur sengit dengan Hamas dalam serangan yang meluas ke Gaza selatan pada Rabu (6/12/2023).<br>\r\n\r\n<br>Pertempuran tersebut telah memaksa puluhan ribu warga sipil Palestina yang mengungsi berhamburan pergi ke Kota Rafah dekat dengan perbatasan Mesir untuk menghindari pengeboman Israel.<br>\r\n\r\n<br>Namun, banyak penduduk yang khawatir tidak akan aman di kota tersebut karena pilihan mereka untuk berlindung semakin menipis.<br>\r\n\r\n<br>Menurut sumber medis Palestina, setidaknya sembilan orang tewas pada hari Rabu dalam penembakan Israel terhadap sebuah rumah di Rafah.<br> \r\n\r\n<br>Ratusan ribu warga Palestina telah mengungsi dari Gaza utara ke selatan selama perang dua bulan antara Israel dan Hamas yang berkuasa di daerah kantong Palestina itu.<br>\r\n\r\n<br>Eksodus terbaru ini membuat banyak warga Palestina yang mengungsi semakin terpojok di dekat perbatasan Mesir yang dibentengi.<br>\r\n\r\n<br>Berdasarkan selebaran yang dijatuhkan oleh pesawat-pesawat Israel maupun pesan-pesan melalui telepon dan internet, Kota Rafah termasuk daerah yang dianggap aman oleh militer Israel.<br>\r\n\r\n<br>\"Orang-orang Israel berbohong. Tidak ada tempat di Gaza yang aman dan besok mereka akan mengejar kami di Rafah,\" kata Samir Abu Ali (45), seorang ayah lima anak, kepada Reuters melalui sambungan telepon dari Rafah.<br>\r\n\r\n<br>Dalam sebuah pernyataan pada Rabu malam waktu setempat, Militer Israel menyampaikan, pasukannya telah beroperasi di Khan Younis untuk pertama kalinya. Khan Younis adalah jantung kota terbesar di Gaza selatan.<br>\r\n\r\n<br>Sebagaimana diberitakan Reuters, tentara Israel telah memulai \"serangan yang ditargetkan\" di pusat kota Khan Younis, yang diidentifikasi sebagai simbol kekuasaan militer dan administratif Hamas.<br>\r\n\r\n<br>\"Para tentara menghabisi teroris, menghancurkan infrastruktur teroris dan menemukan senjata,\" klaim Militer Isrel.<br>\r\n\r\n<br>Sementara itu, dalam sebuah laporan pada Rabu, Kantor kemanusiaan PBB mengatakan, sebagian besar tunawisma di Rafah, sekitar 13 km di selatan Khan Younis di perbatasan Mesir, tidur seadanya karena kurangnya tenda meskipun PBB telah berhasil mendistribusikan beberapa ratus tenda.<br>\r\n\r\n<br>Laporan PBB menyebut, meskipun sejumlah bantuan telah masuk ke Gaza dari Mesir melalui penyeberangan Rafah, lonjakan pertempuran sejak gencatan senjata berakhir pada 1 Desember telah menghambat distribusi.<br>\r\n\r\n<br>Israel pada Rabu malam mengatakan bahwa mereka akan mengizinkan sedikit peningkatan bahan bakar yang diizinkan masuk ke Gaza.<br>', '2023-12-08', 'global3.jpg'),
(63, 9, 'Dampak Penting Perjanjian Bebas Visa Singapura dan China ', 'Aprilisa', 'Jumlah wisatawan China yang memasuki Singapura tampaknya akan meningkat setelah perjanjian perjalanan bebas visa selama 30 hari antara kedua negara mulai berlaku.<br>\r\n\r\n<br>Kebijakan bisa mendorong volume perjalanan masuk mendekati tingkat sebelum pandemi.<br>\r\n\r\n<br>Perjanjian ini diresmikan oleh kedua negara pada pertemuan Joint Council for Bilateral Cooperation (JCBC) ke-19 pada 7 Desember.<br>\r\n\r\n<br>Berbicara dalam acara tersebut, Wakil Perdana Menteri Lawrence Wong mengatakan bahwa hal ini akan memberikan kenyamanan yang lebih besar.<br>\r\n\r\n<br>Dilansir dari CNA, Singapura berharap dapat melampaui tingkat sebelum pandemi dalam hal konektivitas penerbangan langsung.<br> \r\n\r\n<br>Singapura dan China sedang menyusun detail operasionalnya, dengan tujuan untuk mengimplementasikan skema ini pada awal tahun 2024.<br>\r\n\r\n<br>Direktur pengembangan bisnis di Hong Thai Travel Jasmine Li mengatakan bahwa pemesanan dari pengunjung China yang masuk ke Singapura mencapai rata-rata 60 persen dari tingkat sebelum pandemi.<br> \r\n\r\n<br>Selama musim puncak antara Juli dan Agustus, biro perjalanan tersebut melihat pemesanan kembali ke 85 persen dari tingkat sebelum pandemi.<br>\r\n\r\n<br>Angka tersebut turun menjadi sekitar 30 persen pada bulan November, katanya.<br>\r\n\r\n<br>Perjanjian pembebasan visa akan meningkatkan jumlah wisatawan individu dan kelompok keluarga kecil, dan biro perjalanan ini mengharapkan peningkatan pemesanan sebesar 10 persen, kata Li.<br>\r\n\r\n<br>Ia berencana untuk merancang paket-paket yang melayani wisatawan kelompok keluarga kecil untuk memenuhi permintaan ini.<br>\r\n\r\n<br>Namun, untuk kembali ke tingkat sebelum pandemi, diperlukan lebih banyak upaya di seluruh industri pariwisata dan ini akan memakan waktu, tambahnya.<br>\r\n\r\n<br>Menurut data dari Singapore Tourism Board, kunjungan wisatawan dari China ke Singapura mulai naik kembali ke tingkat sebelum pandemi.<br>\r\n\r\n<br>Pada bulan Juli, jumlah pengunjung dari China melewati angka 200.000 untuk pertama kalinya sejak Januari 2020.<br>\r\n', '2023-12-09', 'global4.png');
INSERT INTO `berita` (`id_berita`, `id_kategori`, `judul`, `penulis`, `isi_berita`, `tgl_rilis`, `gambar`) VALUES
(64, 9, 'Retno Marsudi: Relawan WNI dari MER-C Berhasil Dievakuasi dari Gaza', 'Aprilisa', 'Menteri Luar Negeri Retno Marsudi mengumumkan bahwa seorang warga negara Indonesia (WNI) yang menjadi relawan organisasi kemanusiaan MER-C, Farid Zanzabil Al Ayubi, berhasil dievakuasi dari Gaza pada Sabtu (9/12/2023) sekitar pukul 19.00 WIB.<br> \r\n\r\n<br>“Mas Farid adalah relawan MER-C yang sebelumnya menjalankan tugas kemanusiaan di Rumah Sakit Indonesia di Gaza utara,” kata Retno saat menyampaikan pernyataan pers secara daring, seperti dikutip dari Antara.<br> \r\n\r\n<br>Dia menjelaskan bahwa sejak RS Indonesia tidak lagi beroperasi akibat serangan Israel tanpa henti, Farid beserta dua orang WNI relawan MER-C lainnya berpindah ke Gaza selatan.<br>\r\n\r\n<br>“Mas Farid adalah satu dari tiga relawan MER-C yang sejak awal memutuskan untuk tetap tinggal di Gaza. Namun dalam perkembangannya, Mas Farid kemudian memutuskan dan meminta bantuan untuk evakuasi,” tutur Retno.<br> \r\n\r\n<br>Saat ini, Farid telah berada di perbatasan Rafah wilayah Mesir bersama tim evakuasi KBRI Kairo.<br> \r\n\r\n<br>Menlu Retno menceritakan proses evakuasi Farid yang memerlukan waktu panjang dan proses yang sangat kompleks, terutama dalam upaya memasukkan namanya ke dalam daftar warga negara asing yang diizinkan melintas dari Gaza ke Mesir.<br> \r\n\r\n<br>“Proses memasukkan nama ke daftar sekali lagi merupakan proses yang sangat tidak mudah. Sebagaimana diketahui, selama berlangsungnya jeda kemanusiaan, perbatasan Rafah juga tidak selalu terbuka untuk arus keluar karena prioritas diberikan bagi arus masuk bantuan kemanusiaan,” ujar Retno.<br>\r\n\r\n<br>Setelah proses yang panjang dan rumit tersebut, kata dia, akhirnya Farid bisa keluar dari Gaza dan segera dibawa ke lokasi yang lebih aman di Mesir.<br>\r\n\r\n<br>Tim evakuasi KBRI Kairo selanjutnya akan membawa Farid ke Kairo dan memfasilitasi kepulangannya segera ke Indonesia.<br>\r\n', '2023-12-09', 'global5.jpg'),
(65, 2, 'Terbukti Lewat Riset, 3 Makanan Ini Bikin Panjang Umur Sampai 10 Tahun Lebih', 'Rania', 'Jakarta - Sebuah studi baru menunjukkan, beralih dari pola makan tidak sehat ke pola makan sehat di usia paruh baya dapat menambah durasi hidup seseorang hampir mencapai satu dekade lebih lama. Lantas biar bisa panjang umur, harus makan apa saja sih?<br>\r\n\r\n<br>Dikutip dari Insider, studi yang dipublikasikan di Nature Food ini menggunakan data 467.354 partisipan dari UK Biobank, yakni sebuah pangkalan data biomedis yang sangat besar dengan informasi kesehatan setengah juta orang Inggris. Studi ini mengacu pada model yang digunakan untuk memperkirakan bagaimana perubahan gaya hidup dapat mempengaruhi angka harapan hidup seseorang.<br>\r\n\r\n<br>Penelitian ini menemukan bahwa orang berusia 40-an yang mengubah pola makan tidak sehat menjadi pola makan yang dikaitkan dengan umur panjang dapat menambah sekitar 10 tahun pada angka harapan hidup mereka. Perubahan ini dikaitkan dengan tambahan 10,8 tahun untuk wanita dan 10,4 tahun untuk pria.<br>\r\n\r\n<br>Sedangkan pada orang berusia 40-an yang beralih dari pola makan yang biasa-biasa saja ke pola makan yang dikaitkan dengan umur panjang, peningkatan usia harapan hidup terjadi sebesar 3,1 tahun untuk wanita dan 3,4 tahun untuk pria.<br>\r\n\r\n<br>Selain itu, melakukan perubahan pola makan yang sama pada usia 70-an dikaitkan dengan peningkatan harapan hidup sekitar lima tahun.<br>\r\n\r\n<br>\"Peningkatan harapan hidup semakin rendah jika semakin lama penundaan dalam memulai perbaikan pola makan, tetapi bahkan bagi mereka yang memulai perubahan pola makan pada usia 70 tahun, peningkatan harapan hidup mencapai setengah dari yang dicapai oleh orang dewasa berusia 40 tahun,\" tulis para penulis.<br>\r\n\r\n<br>Secara keseluruhan, para peneliti menemukan bahwa semakin besar perubahan menuju pola makan sehat, semakin besar pula peningkatan harapan hidup yang didapatkan.<br>\r\n\r\n<br>Lantas, 3 jenis makanan apa sih yang termasuk pola makan yang dikaitkan dengan umur panjang?<br>\r\n\r\n<br>Biji-bijian utuh, kacang-kacangan, dan buah dikaitkan dengan peningkatan harapan hidup terbesar.<br>\r\n\r\n<br>Para peneliti di University of Bergen, Norwegia, dan University of Glasgow, Skotlandia menemukan bahwa biji-bijian utuh, kacang-kacangan, dan buah tampaknya memberikan perbedaan positif terbesar terhadap harapan hidup.<br>\r\n\r\n<br>Sedangkan makanan yang paling erat kaitannya dengan kematian adalah minuman berpemanis dan daging olahan, terang studi tersebut.<br>\r\n\r\n<br>Analisis para peneliti mengatakan bahwa pola makan yang berkaitan dengan umur panjang terdiri dari asupan tinggi susu dan produk olahannya, sayuran, kacang-kacangan, dan polong-polongan, serta asupan moderat biji-bijian, buah, ikan, dan daging putih.<br>\r\n\r\n<br>Diet ini juga mencakup asupan telur, daging merah, dan minuman berpemanis yang relatif rendah, serta asupan biji-bijian olahan dan daging olahan yang rendah.<br>\r\n\r\n<br>Para penulis menyatakan bahwa penelitian mereka menunjukkan adanya korelasi, bukan sebab-akibat, antara pola makan yang sehat dan harapan hidup yang panjang. Namun, mereka menyesuaikan model mereka untuk mencoba mencegah faktor-faktor seperti merokok dan status sosial ekonomi agar tidak mempengaruhi hasil penelitian.<br>\r\n\r\n<br>Mereka juga tidak mempertimbangkan kemungkinan pola diet yang berfluktuasi dari waktu ke waktu, kata mereka.<br>\r\n\r\n<br>Profesor Gunter Kuhnle, seorang ilmuwan nutrisi di University of Reading, Inggris, yang tidak terlibat dalam penelitian ini, mengatakan kepada Business Insider, \"Temuan ini sesuai dengan bukti yang diketahui tentang jenis-jenis diet yang mengarah pada kehidupan yang lebih panjang dan lebih sehat pada individu.\"<br>\r\n\r\n<br>\"Perlu juga dicatat bahwa populasi yang dimodelkan sangat berbeda dengan populasi yang sebenarnya. Meskipun secara teknis memungkinkan, dan juga masuk akal, bagi orang berusia 40 tahun untuk beralih dari pola makan yang tidak sehat selama puluhan tahun ke pola makan yang masuk akal dan seimbang, namun hal ini bisa jadi sulit untuk dilakukan. <br>\r\n\r\n<br>Penelitian ini memberikan bukti tambahan mengapa kita semua perlu mempromosikan pola makan yang sehat dan seimbang di setiap tahap kehidupan,\" tandasnya.<br>', '2023-12-02', 'makanan1.jpeg'),
(66, 2, 'Heboh! Wanita Ini Habiskan Setengah Miliar Cuma buat Makan Hotpot', 'Rania', 'Jakarta - Seorang wanita asal China bermarga Kong viral di media sosial karena memiliki <b>kegilaan</b> terhadap satu menu makanan, hotpot. Ia bahkan rela menghabiskan 270.000 yuan atau Rp 585,9 juta (kurs Rp 2.170/yuan) untuk makan hotpot di satu jaringan restoran.<br>\r\n\r\n<br>Melansir dari SCMP, Selasa (28/11/2023), melalui akun media sosial miliknya Kong yang bekerja sebagai manajer di sebuah hotel mengaku kecintaannya terhadap hotpot bermula saat mencicipi makanan itu di sebuah jaringan restoran bernama Haidilao. Ia pertama kali mengunjungi restoran tersebut karena mendapat banyak rekomendasi dari teman-temannya.<br>\r\n\r\n<br>Sejak saat itulah ia mulai terobsesi dengan hotpot Haidilao. Tidak tanggung-tanggung, dalam sembilan tahun terakhir Kong mengaku telah mengunjungi jaringan restoran itu sebanyak 627 kali hanya untuk makan hotpot.<br>\r\n\r\n<br>\"Kesan awal saya, bahan bakunya segar dan rasanya super. Sejak itu, rasa suka saya pada Haidilao menjadi tidak terkendali,\" kata Kong dalam salah satu unggahan di media sosial miliknya sebagaimana dikutip dari SCMP.<br>\r\n\r\n<br>Di luar itu, Kong juga mengaku tidak pandai memasak ataupun memiliki hobi atau ketertarikan akan hal lain. Kondisi ini membuatnya semakin terobsesi dengan makan hotpot di jaringan restoran itu.<br>\r\n\r\n<br>\"Saya tidak memasak. Saya juga tidak punya hobi dan saya tidak tertarik dengan pakaian atau riasan seperti gadis lain. Hobi saya hanya makan, apalagi makan Haidilao,\" jelas Kong.<br>\r\n\r\n<br>Meski begitu Kong sadar bila kebiasaan makanya itu tidak begitu baik untuk kesehatan hingga membuat berat badannya bertambah 13,5 kg. Karenanya ia sendiri tengah berusaha untuk menahan obsesinya terhadap hotpot dari jaringan restoran Haidilao.<br>\r\n\r\n<br>\"Saya sadar bahwa makan banyak hotpot kemungkinan besar akan meningkatkan kadar asam dalam tubuh kita, yang merupakan penyebab asam urat,\" kata Kong.<br>\r\n\r\n<br>\"Pemeriksaan fisik saya juga menunjukkan beberapa indeks tidak sebaik sebelumnya, jadi saya akan sedikit menahan antusiasme saya terhadap hotpot,\" pungkasnya.<br>', '2023-11-28', 'makanan2.jpeg'),
(67, 2, 'Produk Berlabel Halal Dilarang di Negara Bagian India, Kenapa?', 'Rania', 'Jakarta - Pemerintah dari wilayah terpadat penduduk di India, negara bagian Uttar Pradesh, menetapkan kebijakan berupa larangan pemberian sertifikat halal pada produk yang didistribusi dan dipasarkan. Namun, larangan itu dikecualikan bagi produksi khusus produk ekspor.<br>\r\n\r\n<br>Berdasarkan surat pemberitahuan Otoritas Keamanan dan Standar Pangan Uttar Pradesh yang tertanggal Sabtu (18/11/2023), produk-produk yang dimaksud adalah produk dengan sertifikat halal yang sudah ada pada produk susu, gula, roti, minyak peppermint, makanan ringan, makanan siap saji, dan minyak.<br>\r\n\r\n<br>Pihak yang melanggar akan dikenakan sanksi dan denda berdasarkan Pasal 30 (2) (d) dari Undang-Undang Keamanan dan Standar Pangan yang berlaku.<br>\r\n\r\n<br>\"Demi kepentingan kesehatan masyarakat, produksi, penyimpanan, distribusi dan penjualan produk makanan yang diberi sertifikat halal dilarang di negara bagian dengan segera,\" demikian pernyataan otoritas yang berwenang, dikutip kantor berita Times of India, Selasa (21/11/2023).<br>\r\n\r\n<br>Berdasarkan pernyataannya, sertifikasi halal produk makanan disebut sebagai sistem paralel yang menciptakan kebingungan masyarakat terkait kualitas makanan.<br>\r\n\r\n<br>\"Sertifikasi halal produk pangan adalah sistem paralel yang menciptakan kebingungan mengenai kualitas bahan pangan dan sepenuhnya bertentangan dengan maksud dasar Undang-Undang tersebut dan tidak dapat dipertahankan berdasarkan Pasal 89 Undang-Undang tersebut,\" katanya.<br>\r\n\r\n<br>Selain itu, lapor India Today, otoritas setempat menyebut bahwa sertifikasi halal sebagai upaya mencari keuntungan yang tidak adil pada produk tidak berlabel halal.<br>\r\n\r\n<br>\"Strategi yang telah direncanakan sebelumnya untuk menabur kebencian kelas, menciptakan perpecahan dalam masyarakat, dan melemahkan negara dengan elemen antinasional,\" bunyi keterangannya.<br>\r\n\r\n<br>Sertifikasi halal juga disebut sebagai propaganda yang merugikan bisnis. Disebut merugikan karena diklaim, produk berlabel halal tengah disebarluaskan pada kelompok masyarakat tertentu untuk mencegah mereka menggunakan produk yang tidak berlabel halal.<br>\r\n\r\n<br>Menurut keterangannya, larangan itu juga menyusul pengajuan kasus oleh Kepolisian Uttar Pradesh pada beberapa perusahaan yang menjual produk bersertifikat halal dengan menggunakan dokumen palsu.<br>\r\n\r\n<br>Mereka melaporkan perusahaan sertifikasi halal di India seperti, Halal India Private Limited Chennai, Jamiat Ulama-i-Hind Halal Trust Delhi, Dewan Halal India Mumbai, Jamiat Ulama Maharashtra dan lainnya karena dugaan kasus eksploitasi sentimen keagamaan untuk mendongkrak penjualan.<br>\r\n\r\n<br>Otoritas setempat menyebut Otoritas Keamanan dan Standar Pangan India (FSSAI) sebagai badan tertinggi di wilayah yang bertugas menentukan standar produk untuk dijual dan standar yang harus dipenuhi oleh produk makanan.<br>\r\n\r\n<br>Juru bicara Partai Nasionalis Bharatiya Janata (BJP) negara bagian Rakesh Tripathi mengatakan bahwa produk-produk yang diberikan label halal termasuk dalam tindakan melanggar hukum.<br>\r\n\r\n<br>\"Agama tidak boleh dimasukkan ke dalam makanan. Ada banyak produk seperti garmen, gula, dan lain-lain yang dicap halal dan itu melanggar hukum,\" katanya kepada Reuters.<br>\r\n\r\n<br>Uttar Pradesh adalah negara bagian terbesar dan terpadat di India. Wilayah ini berada di bawah pimpinan Yogi Adityanath sekaligus anggota Partai Nasionalis Bharatiya Janata (BJP) milik Perdana Menteri (PM) Narendra Modi.<br>\r\n\r\n<br>Adityanath dan pemerintahannya sempat dituduh oleh para kritikus setempat memiliki agenda memecah belah populasi muslim yang besar di negara bagian tersebut. Namun, beberapa kali mereka mengelak tuduhan tersebut.<br>\r\n\r\n<br>Sebagai informasi, sebelumnya sertifikasi halal di India diberikan pada produk makanan seperti, produk susu, gula, produk roti, minyak peppermint, makanan ringan, makanan siap saji, dan minyak.<br>\r\n\r\n<br>Namun, sejak tahun 2006, produk yang dinyatakan sah didistribusi dan dipasarkan menurut Undang-Undang Keamanan dan Standar Pangan adalah produk yang sesuai dengan pengawasan kualitas dari pihak berwenang FSSAI dan ISI. Di luar itu, sertifikasi halal pada produk makanan dan lainnya termasuk ilegal di negara bagian Uttar Pradesh.<br>', '2023-11-21', 'makanan3.jpeg'),
(68, 2, 'Ramai Menu Cegah Stunting Cuma Tahu-Sop, Dinkes Depok: Sudah Sesuai Juknis', 'Rania', 'Jakarta - Viral keluhan makanan pencegah stunting di Depok hanya berupa nasi, kuah sup, sawi, dan tahu. Kepala Dinas Kesehatan Kota Depok Jawa Barat buka suara.<br>\r\n\r\n<br>Pihaknya mengklaim menu tersebut sudah sesuai dengan petunjuk teknis (juknis) dari Kementerian Kesehatan RI. Menu PMT tersebut juga disebutnya memenuhi kandungan gizi balita.<br>\r\n\r\n<br>Dinkes Kota Depok akan memberikan menu pencegah stunting selama 28 hari sejak 10 November hingga 7 Desember mendatang. Balita bakal diberikan menu kudapan di enam hari dan satu hari makanan lengkap.<br>\r\n\r\n<br>Menurut Mary, banyak masyarakat belum familiar dengan kudapan, karenanya heran saat menerima makanan tersebut.<br>\r\n\r\n<br>\"Ini kan rame <b>cuma dua tahu, cuma dua otak-otak</b>. Dari buku resep yang dikeluarkan oleh UNICEF dan Kementerian Kesehatan bahwa memang di kudapan itu terdapat dua jenis protein hewani yang sudah mencukupi kandungan gizi untuk para balita,\" kata Mary kepada wartawan, Kamis (16/11/2023).<br>\r\n\r\n<br>\"Otak-otaknya bukan otak-otak yang dijual pinggir jalan. Tapi otak-otak isinya telur, sehingga memang kandungan gizinya sesuai dengan standar yang dikeluarkan Kemenkes,\" sambungnya.<br>\r\n\r\n<br>Makanan yang diberikan ditegaskan Mary juga bervariatif, petugas puskesmas setempat menyusun menu berdasarkan pedoman dari Dinkes Kota Depok, dengan memastikan kecukupan gizi anak.<br>\r\n\r\n<br>Target pemberian PMT lokal di Kota Depok diberikan untuk 9.882 balita yang masuk kategori balita gizi kurang, balita berat badan kurang, balita stunting dengan gizi kurang, dan balita berat badan tidak naik.<br>\r\n\r\n<br>\"Berdasarkan data ketemu lah 9.882 balita yang tersebar di 11 kecamatan di Kota Depok,\" beber dia.<br>', '2023-11-18', 'makanan4.jpeg'),
(69, 2, 'Wasabi Bisa Tingkatkan Kemampuan Kognitif, Tapi Khusus Kelompok Ini', 'Rania', 'Jakarta - Wasabi, bumbu tradisional Jepang, ternyata bisa meningkatkan beberapa fungsi kognitif. Manfaat ini terlihat pada mereka yang berusia di atas 60 tahun.<br>\r\n\r\n<br>Manfaat ini berada pada 6 methylsulfinyl hexyl isothiocyanate (6-MSITC) pada wasabi. Senyawa bioaktif ini telah dikaitkan dengan efek antioksidan dan antiinflamasi yang memperlambat kerusakan sel dan melindunginya.<br>\r\n\r\n<br>\"Studi sebelumnya menunjukkan bahwa antioksidan dan antiperadangan memiliki peran penting dalam kesehatan kognitif pada orang dewasa yang lebih tua. Oleh karena itu, 6-MSITC diharapkan memberikan efek positif pada kinerja kognitif pada orang dewasa yang lebih tua,\" tulis para peneliti dalam makalah yang mereka terbitkan dikutip dari Science Alert, Sabtu (4/11/2023).<br>\r\n\r\n<br>Tim tersebut menjalankan uji coba pada 72 orang dewasa berusia di atas 60 tahun selama 12 minggu. Para peserta dibagi secara acak dan tanpa disadari menjadi dua kelompok: kelompok pertama mengonsumsi tablet wasabi sekali sehari, sedangkan kelompok kedua mengonsumsi tablet plasebo.<br>\r\n\r\n<br>Wasabi Bikin Daya Ingat Lansia Lebih Baik<br>\r\nDi akhir percobaan, mereka yang mengonsumsi tablet wasabi menunjukkan kinerja yang jauh lebih baik dalam memori episodik, mengingat peristiwa di masa lalu, dan memori kerja yakni menyimpan informasi sementara.<br>\r\n\r\n<br>Tim peneliti berpendapat wasabi dan 6-MSITC, mungkin secara khusus mempengaruhi bagian hipokampus di otak, yang sangat penting untuk fungsi memori.<br>\r\n\r\n<br>\"Temuan ini menunjukkan bahwa asupan 6-MSITC selama 12 minggu secara selektif meningkatkan fungsi memori kerja dan episodik pada orang dewasa lanjut usia yang sehat,\" tulis para peneliti.<br>\r\n\r\n<br>Namun, penelitian tidak menemukan perbedaan signifikan pada area kinerja kognitif lainnya, termasuk penalaran, perhatian, dan kecepatan pemrosesan. Meski dengan keterbatasan tersebut, penelitian menunjukkan hubungan yang jelas antara wasabi yang mengandung 6-MSITC dan fungsi memori yang lebih baik.<br>\r\n\r\n<br>Dalam menjaga kesehatan otak hingga usia lanjut, memilih makanan yang baik untuk tubuh dan menjauhi yang buruk berperan penting.<br>', '2023-11-19', 'makanan5.jpeg'),
(70, 2, 'Resep Salad Buah Campur dengan Saus Siap Pakai ', 'Aprilisa', 'Salad buah salah satu hidangan penutup yang segar untuk dihidangkan, berisi aneka macam buah, kemudian diberi saus mayones.<br>\r\n\r\n<br>Buat sendiri salad buah dengan bahan pisang ambon, pir hijau, stroberi, raspberry, jeruk sunkist,daun selada dan apel merah.<br>\r\n\r\n<br>Salad buah campur dengan saus siap pakai ini bisa disajikan dingin agar semakin segar, dikutip dari buku \"Resep Salad Paling Gampang\" (2013) karya Guspri Devi Artanti dan Cucu Cahyana terbitan PT Gramedia Pustaka Utama.<br>\r\n\r\n<br><b>Resep salad buah campur</b><br> \r\n\r\n<br><b>Bahan:</b><br> \r\n1 buah pisang ambon, potong bulat<br> \r\n1 buah pir hijau, potong dadu <br>\r\n1 cm 100 gram stroberi, belah <br>\r\n2 100 gram raspberry (jika ada) <br>\r\n1 buah jeruk sunkist, kupas, potong juring <br>\r\n1/2 buah apel merah, bentuk kipas <br>\r\n8 lembar daun selada <br>\r\n200 ml saus thousand island <br>\r\n2 buah ceri merah segar untuk hiasan<br>\r\n\r\n<br><b>Cara membuat salad buah campur:</b><br> \r\n1. Campur pisang ambon, pir, stroberi, raspberry, jeruk sunkist, dan apel merah, aduk hingga rata. <br> \r\n2. Siapkan piring saji, alasi sekelilingnya dengan daun selada. <br> \r\n3. Susun campuran buah di atasnya, hias dengan ceri merah. <br> \r\n4. Sesaat akan disajikan siram dengan saus thousand island.<br> \r\n', '2023-12-06', 'makanan6.jpg'),
(71, 2, 'Resep Bolu Wortel untuk Finger Food Bayi ', 'Aprilisa', 'Memberikan MPASI untuk buah hati sebaiknya dimasak dengan olahan sendiri, karena dapat bervariasi dalam memenuhi kebutuhan gizi seimbang.<br> \r\n\r\n<br>Seperti ketika anak bosan kita bisa membuat finger food, makanan yang langsung bisa dimakan anak dari tangan.<br> \r\n\r\n<br>Kamu bisa membuat finger food dari bahan yang ada di rumah, buat bolu wortel dengan bahan mentega, apel, telur, wortel, susu bubuk formula lanjutan, dan tepung sagu.<br> \r\n\r\n<br>Simak resep bolu wortel finger food bayi berikut ini, dikutip dari buku \"35 Resep Finger Food Bebas Gluten untuk MPASI\" (2016) karya Hindah J. Muaris terbitan PT Gramedia Pustaka Utama.<br>\r\n\r\n<br><b>Resep bolu wortel</b><br>\r\n\r\n<br><b>Bahan:</b><br> \r\n100 gram mentega <br> \r\n2 butir telur <br>\r\n125 gram apel, haluskan <br>\r\n125 gram wortel, parut <br>\r\n150 gram susu bubuk formula lanjutan <br>\r\n250 gram tepung sagu<br>\r\n\r\n<br><b>Cara membuat bolu wortel:</b><br> \r\n1. Panaskan oven. <br>\r\n2. Kocok mentega dan telur. Tambahkan apel dan wortel. Aduk hingga rata. <br>\r\n3. Campurkan tepung sagu dan susu bubuk formula lanjutan, aduk hingga rata. <br>\r\n4. Tuang ke dalam loyang bolu yang telah diolesi mentega, panggang hingga matang. <br>\r\n5. Setelah bolu matang, dinginkan, kemudian potong menjadi beberapa bagian atau bentuk sesuai selera. <br>\r\n6. Letakkan di loyang yang telah diolesi mentega. Panggang kembali selama 30 menit.<br>\r\n', '2023-12-06', 'makanan7.jpg'),
(72, 2, 'Resep Dessert Pisang Beku Creamy, Camilan Sehat untuk yang Sedang Diet ', 'Aprilisa', 'Dessert pisang beku salah satu hidangan penutup yang terbuat dari pisang yang telah dibekukan dan diolah dengan berbagai campuran agar jadi camilan sehat yang creamy.<br>  \r\n\r\n<br>Pisang yang telah dibekukan kemudian diblender hingga halus dan lembut. Dessert pisang beku ini dapat disajikan dengan berbagai topping, seperti cokelat, kacang, atau buah-buahan.<br> \r\n\r\n<br>Apabila kamu ingin mencoba membuat dessert pisang beku di rumah, dapat simak resep dari laman Clean Eating berikut.<br>\r\n\r\n<br><b>Resep dessert pisang beku</b><br>\r\n\r\n<br><b>Bahan :</b><br> \r\n3 sdm minyak kelapa <br> \r\n2 sdm bubuk kakao tanpa pemanis <br> \r\n2 sdm madu <br> \r\n450 gram pisang iris yang sudah dibekukan <br> \r\n25 gram kacang kenari panggang + 2 sdm untuk hiasan <br> \r\n100 gram stroberi beku <br> \r\n3 sdm susu almond tanpa pemanis <br> \r\n2 sdm nanas, cincang<br> \r\n\r\n<br><b>Cara membuat dessert pisang beku </b><br>\r\n1. Dalam mangkuk tahan panas di atas panci berisi air mendidih, lelehkan minyak kelapa. <br>\r\n2. Angkat dari api dan aduk bubuk cokelat dan satu sendok makan madu. Sisihkan hingga dingin. <br>\r\n3. Alasi loyang panggang berukuran 20 x 20 sentimeter dengan kertas roti. <br>\r\n4. Blender pisang sampai benar-benar halus. <br>\r\n5. Tambahkan 25 gram kacang kenari dan aduk tiga sampai empat kali hingga pecah. Pindahkan campuran ke dalam loyang panggang.<br>\r\n6. Blender stroberi, susu, dan sisa satu sendok makan madu, lalu haluskan hingga halus. <br>\r\n7. Tuangkan campuran ini ke dalam loyang panggang. <br>\r\n8. Tuangkan campuran cokelat dan aduk hingga tercampur. <br>\r\n9. Taburkan potongan nanas di atasnya, lalu cincang sisa dua sendok makan kacang kenari dan taburkan di atasnya. <br>\r\n10. Tutup dan bekukan setidaknya selama dua jam. Jika dibekukan lebih lama, biarkan mencair di dalam lemari es selama 15 hingga 30 menit agar sedikit melunak.<br>', '2023-12-06', 'makanan8.jpg'),
(73, 2, 'Marak Boikot Produk Israel, Penjualan Produk Lokal Ini Justru Meningkat ', 'Aprilisa', 'Gelombang kampanye seruan boikot produk pro Israel hingga saat ini belum jua mereda di berbagai negara, termasuk Indonesia.<br>  \r\n\r\n<br>Di kancah global, gerakan kampanye tersebut familier disebut sebagai boycott, divestment and sanctions (DBS) movement. <br>\r\n\r\n<br>Warganet Tanah Air pun kompak menyerukan boikot lewat X pada Rabu (29/1/2023). Seruan boikot terhadap platform media sosial (medsos) yang dulu bernama Twitter itu sempat menjadi trending di X, Rabu (6/12/2023). <br> \r\n\r\n<br>Di balik seruan boikot terhadap rentetan produk Israel, salah satu produk lokal Tanah Air, Waroeng Steak & Shake, justru mengalami peningkatan penjualan.<br>\r\n\r\n<br>Restoran yang sudah berkiprah selama 23 tahun itu kali pertama didirikan oleh pengusaha asal Yogyakarta. Bisnis ini dirintis dari sebuah usaha di teras rumahnya. <br> \r\n\r\n<br>Waroeng Steak pun hadir sebagai solusi bagi para pelajar dan mahasiswa pada hingga saat ini untuk bisa menikmati hidangan steak dengan harga terjangkau. <br>\r\n\r\n<br>Merespons kabar dampak boikot tersebut, Direktur Operasional PT Waroeng Steak Indonesia Agus Wawan mengaku mengalami peningkatan transaksi pada dua bulan terakhir. <br>\r\n\r\n<br>“Per Oktober dan November Waroeng Steak & Shake mengalami peningkatan penjualan,” ujar Agus dalam keterangan tertulis yang diterima Kompas.com, Rabu.<br>\r\n\r\n<br>Agus melanjutkan, situasi belakangan ini semestinya makin memacu produk lokal untuk bisa kompetitif dengan jaringan waralaba kuliner raksasa dunia.  <br>\r\n\r\n<br>Salah satu cara yang dapat diimplementasikan yakni dengan memberikan produk dan layanan berkualitas sesuai harapan konsumen. <br>\r\n\r\n<br>Untuk diketahui, Waroeng Steak & Shake merupakan restoran lokal asli Indonesia yang dikelola tanpa sistem franchise atau waralaba. <br> \r\n\r\n<br>Adapun seluruh cabang dimiliki oleh Jody Broto Suseno beserta istri dan anak-anaknya yang dikelola sendiri oleh menejemennya.<br>\r\n\r\n<br>Hingga akhir 2023, restoran yang telah mendapat rekor dunia MURI sebagai restoran steak halal dengan cabang terbanyak, telah memiliki lebih dari 100 cabang yang tersebar di 29 kota di Indonesia.  <br>\r\n\r\n<br>“Seluruh pekerja PT Waroeng Steak Indonesia adalah pekerja lokal, baik yang berada di top management maupun crew outlet,” papar Agus. <br>\r\n', '2023-12-07', 'makanan9.jpeg'),
(74, 2, 'Resep Kue Kering 4 Bahan, Cocok untuk Camilan di Rumah ', 'Aprilisa', 'Kue kering, salah satu jenis kue yang memiliki tekstur lebih kering dan renyah dibandingkan dengan jenis kue lainnya.<br> \r\n\r\n<br>Kue ini disajikan sebagai camilan atau pendamping minuman seperti teh atau kopi saat berkumpul bersama keluarga. <br>\r\n\r\n<br>Membuat kue kering ini tidak memerlukan banyak bahan, kamu hanya menyiapkan empat bahan saja di dapur, seperti mentega, garam, tepung terigu, dan gula pasir. <br>\r\n\r\n<br>Apabila kamu ingin mencoba membuat kue kering di rumah dengan mudah, dapat simak resep dari laman The Kitchn berikut.<br>\r\n\r\n<br><b>Resep kue kering</b><br> \r\n\r\n<br><b>Bahan : </b><br>\r\n200 gram mentega tawar <br>\r\n1/2 sdt garam <br>\r\n260 gram tepung terigu <br>\r\n115 gram gula pasir <br>\r\n1 sdt ekstrak vanila (opsional) <br>\r\n2 sdt gula pasir, untuk taburan (opsional)<br>\r\n\r\n<br><b>Cara membuat kue kering </b><br>\r\n1. Masukkan 200 gram mentega tawar di mangkuk mixer, lalu tambahkan 1/2 sendok teh garam. <br>\r\n2. Diamkan mentega pada suhu kamar, hingga melunak menjadi lembut. <br>\r\n3. Sementara itu, alasi loyang panggang berukuran 22 x 22 sentimeter dengan dua lembar kertas roti. <br>\r\n4. Susun secara tegak lurus, sehingga kertas roti menggantung sekitar lima sentimeter di keempat sisi loyang untuk membentuk selempang. <br>\r\n5. Kocok mentega dan garam dengan menggunakan alat pengaduk dengan kecepatan sedang, hingga halus dan krimi, sekitar satu menit. <br>\r\n6. Tambahkan 260 gram tepung serbaguna, 115 gram gula pasir, dan satu sendok teh ekstrak vanila jika diinginkan. Lalu kocok dengan kecepatan paling rendah. <br>\r\n7. Kikis sisi mangkuk hingga adonan terbentuk sekitar satu setengah hingga dua setengah menit. <br>\r\n8. Uleni adonan dalam mangkuk beberapa kali dengan tangan hingga membentuk bola. <br>\r\n9. Pindahkan adonan menjadi beberapa bagian ke dalam loyang panggang. <br>\r\n10. Tekan menjadi lapisan yang rata, sampai ke tepi dan sudut-sudutnya. <br>\r\n11. Dinginkan selama 30 menit. <br>\r\n12. Sementara itu, atur rak di tengah oven dan panaskan oven sekitar 176 derajat celsius. <br>\r\n13. Potong adonan dengan cara memotong langsung di loyang, atau angkat adonan dengan bantuan kertas roti ke atas papan potong terlebih dahulu. <br>\r\n14. Dengan menggunakan pisau, buat 18 persegi panjang pada adonan, tapi jangan sampai ke dasarnya. <br>\r\n15. Buat dua garis potongan sejajar dengan jarak tujuh sentimeter dalam satu arah, kemudian buat lima potongan sejajar dengan jarak tiga sentimeter tegak lurus dengan potongan pertama. <br>\r\n16. Gunakan ujung garpu, dan tusukkan masing-masing kue kering sebanyak empat kali, pastikan sampai ke dasarnya. <br>\r\n17. Taburkan dua sendok teh gula pasir jika diinginkan. <br>\r\n18. Panggang hingga berwarna cokelat keemasan di bagian atas, selama 30 hingga 35 menit. <br>\r\n19. Tusuk lagi dengan garpu untuk membuat lubang kembali. <br>\r\n20. Biarkan kue kering dingin dalam loyang selama 15 menit, jangan biarkan dingin sepenuhnya. <br>\r\n21. Pegang kertas roti, lalu angkat kue kering dari loyang ke atas talenan. <br>\r\n22. Gunakan pisau dapur, potong sesuai garis potongan untuk memisahkan kue kering. <br>\r\n23. Biarkan dingin sepenuhnya.<br>\r\n', '2023-12-09', 'makanan10.jpeg'),
(75, 2, 'Cromboloni, Pastry Viral Perpaduan Kroisan dan Bomboloni ', 'Aprilisa', 'Masih ingat dengan croffle yang tren beberapa waktu lalu?<br> \r\nAdonan kroisan yang dibentuk dengan cetakan wafel. Ada pula kreasi kroisan lain seperti cronut, cruffin, dan dan croast. <br>\r\n\r\n<br>Baru-baru ini ada lagi kreasi kroisan yang tengah digemari oleh masyarakat Indonesia setidaknya terlihat dari postingan video di media sosial. <br>\r\n\r\n<br>Cromboloni namanya. Cromboloni merupakan inovasi dari bakery modern dengan menggabungkan karakteristik kroisan dan bomboloni. <br>\r\n\r\n<br>Bentuk cromboloni bulat besar seperti bomboloni dengan tekstur luar flaky dan renyah layaknya kroisan. Sementara, tekstur dalamnya lembut. <br>\r\n\r\n<br>Pastry ini diisi dengan krim manis seperti vanila dan cokelat lantas diberi topping seperti cokelat leleh warna-warni atau sprinkle.<br> \r\n\r\n<br>Beberapa toko roti di kota besar mulai menjual cromboloni di Jakarta, misalnya. Ada Monsieur Spoon, The Harvest Cake, Bakerzin, Don Bakeshop, dan Bakerman. <br>\r\n\r\n<br>Sementara itu, terdapat pula toko roti di kota lain seperti Solo yang menjual cromboloni bernama A&M Co. Solo.<br> \r\n\r\n<br>Harga cromboloni mulai dari Rp 30.000-an per buah.<br>\r\n\r\n<br>Bila ditelusuri ke belakang, cromboloni sebenarnya sempat viral di Amerika Serikat tepatnya New York, seperti melansir Fox News. <br>\r\n\r\n<br>Seorang pastry chef bernama Scott Cioe menciptakan dan menjual cromboloni di tokonya Lafayette Grand Cafe & Bakery, New York, pada 2022. <br>\r\n\r\n<br>Namun, nama pastry ciptaan Cioe itu bukanlah cromboloni melainkan The Supreme.<br> \r\n\r\n<br>Ide penciptaan pastry ini muncul karena chef Scott Cioe ingin membuat kroisan menjadi lebih menarik. <br>\r\n\r\n<br>Selain itu, ia ingin menarik minat para pelanggan untuk berkunjung ke toko Lafayette Grand Cafe & Bakery.<br> \r\n\r\n<br>Proses pembuatan The Supreme menurut Cioe membutuhkan waktu sekitar tiga hari. Mulai dari pembuatan adonan, proses laminasi, hingga pastry tersebut dipanggang di dalam oven.<br>\r\n', '2023-12-03', 'makanan11.jpg'),
(76, 9, '3 Orang Tewas dalam Penembakan di Universitas Las Vegas, Pelaku Kemungkinan Profesor ', 'Aprilisa', 'LAS VEGAS - Tiga orang tewas dan seorang lainnya terluka parah ditembak seorang pria bersenjata di sebuah universitas di Amerika Serikat pada Rabu (6/12/2023). Pelaku telah ditembak mati oleh polisi. <br> \r\n\r\n<br>Insiden di University of Nevada, Las Vegas, tidak jauh dari pusat perjudian Las Vegas Strip yang dipadati turis, merupakan yang terbaru di Amerika Serikat, di mana kekerasan dengan senjata api menjadi bagian dari kehidupan sehari-hari. <br>\r\n\r\n<br>\"Tiga dari korban dipastikan meninggal dunia,\" kata Sheriff Las Vegas, Kevin McMahill, dalam sebuah konferensi pers, seperti dilansir Reuters.<br>\r\n\r\n<br>Dia mengatakan, korban keempat sempat mengalami luka kritis akibat penembakan tersebut, tetapi kondisinya kemudian membaik menjadi stabil.<br> \r\n\r\n<br>Identitas penembak tidak segera dirilis, tetapi CNN dan Los Angeles Times, mengutip sumber-sumber penegak hukum, mengatakan bahwa ia adalah seorang profesor perguruan tinggi berusia 67 tahun yang memiliki hubungan dengan sekolah-sekolah di Georgia dan North Carolina.<br>\r\n \r\n<br>Namun, tidak jelas apa hubungan antara dia dan universitas di Nevada, tempat penembakan terjadi.<br> \r\n\r\n<br>Presiden AS Joe Biden dalam sebuah pernyataan mengecam tindakan kekerasan senjata api mengerikan yang meneror sebuah kampus.<br> \r\n\r\n<br>Polisi merespons dalam beberapa menit terkait laporan adanya penembak aktif pada pukul 11.45 waktu setempat, kata McMahill dalam sebuah konferensi pers.<br> \r\n\r\n<br>Dua petugas terlibat baku tembak dengan tersangka dan tersangka tertembak lalu meninggal dunia, kata kepala polisi universitas Adam Garcia.<br> \r\n\r\n<br>Insiden ini bermula saat acara kumpul-kumpul mahasiswa di luar ruangan sedang berlangsung.<br>\r\n\r\n<br>\"Para mahasiswa sedang bermain game dan makan makanan, ada meja-meja yang disiapkan bagi mereka untuk membangun Lego,\" kata McMahill.<br>\r\n\r\n<br>\"Jika bukan karena tindakan heroik dari salah satu petugas polisi yang merespons, mungkin ada banyak nyawa yang melayang,\" tambahnya.<br>\r\n\r\n<br>Polisi tidak memberikan informasi lebih lanjut mengenai identitas para korban atau pelaku penembakan dan sedang dalam proses memberi tahu keluarga terdekat.<br>\r\n', '2023-12-07', 'global6.jpg');

-- --------------------------------------------------------

--
-- Struktur dari tabel `kategori`
--

CREATE TABLE `kategori` (
  `id_kategori` int(11) NOT NULL,
  `nama_kategori` varchar(30) NOT NULL
) ENGINE=InnoDB DEFAULT CHARSET=utf8mb4 COLLATE=utf8mb4_general_ci;

--
-- Dumping data untuk tabel `kategori`
--

INSERT INTO `kategori` (`id_kategori`, `nama_kategori`) VALUES
(1, 'Olahraga'),
(2, 'Makanan'),
(3, 'Kesehatan'),
(4, 'Edukasi'),
(5, 'Politik'),
(6, 'Otomotif'),
(9, 'Global'),
(10, 'Entertainment');

-- --------------------------------------------------------

--
-- Struktur dari tabel `komentar`
--

CREATE TABLE `komentar` (
  `id_komentar` int(11) NOT NULL,
  `id_berita` int(11) DEFAULT NULL,
  `id_user` int(11) DEFAULT NULL,
  `isi_komentar` text NOT NULL,
  `tgl_komen` datetime NOT NULL
) ENGINE=InnoDB DEFAULT CHARSET=utf8mb4 COLLATE=utf8mb4_general_ci;

--
-- Dumping data untuk tabel `komentar`
--

INSERT INTO `komentar` (`id_komentar`, `id_berita`, `id_user`, `isi_komentar`, `tgl_komen`) VALUES
(1, 18, 2, 'Lorem ipsum, dolor sit amet consectetur adipisicing elit.', '2023-11-29 07:48:31'),
(2, 18, 3, 'Lorem ipsum, dolor sit amet consectetur adipisicing elit.', '2023-11-29 12:48:31'),
(3, 19, 4, 'Lorem ipsum, dolor sit amet consectetur adipisicing elit.', '2023-11-30 14:50:16'),
(8, 74, 11, 'enak', '2023-12-12 12:09:36'),
(9, 74, 11, 'lezat', '2023-12-12 12:14:52'),
(10, 74, 11, 'mantap', '2023-12-12 12:17:52'),
(11, 74, 11, 'p', '2023-12-12 12:24:48');

-- --------------------------------------------------------

--
-- Struktur dari tabel `saran_berita`
--

CREATE TABLE `saran_berita` (
  `id_saran_berita` int(11) NOT NULL,
  `id_kategori` int(11) DEFAULT NULL,
  `id_user` int(11) DEFAULT NULL,
  `judul` varchar(255) NOT NULL,
  `isi_berita` text NOT NULL,
  `gambar` varchar(255) NOT NULL,
  `tgl_berita` date NOT NULL
) ENGINE=InnoDB DEFAULT CHARSET=utf8mb4 COLLATE=utf8mb4_general_ci;

--
-- Dumping data untuk tabel `saran_berita`
--

INSERT INTO `saran_berita` (`id_saran_berita`, `id_kategori`, `id_user`, `judul`, `isi_berita`, `gambar`, `tgl_berita`) VALUES
(1, 10, 2, 'Berita 6', 'Lorem ipsum, dolor sit amet consectetur adipisicing elit.', '6562d3c74b3cd.jpg', '2023-12-05'),
(2, 3, 3, 'Berita 3', 'Lorem ipsum, dolor sit amet consectetur adipisicing elit.', '6562d3c74b3cd.jpg', '2023-12-06'),
(3, 1, 5, 'Berita 1', 'Lorem ipsum, dolor sit amet consectetur adipisicing elit.', '6562d3c74b3cd.jpg', '2023-12-06');

-- --------------------------------------------------------

--
-- Struktur dari tabel `user`
--

CREATE TABLE `user` (
  `id_user` int(11) NOT NULL,
  `username` varchar(100) NOT NULL,
  `password` varchar(100) NOT NULL,
  `role` enum('admin','user') NOT NULL
) ENGINE=InnoDB DEFAULT CHARSET=utf8mb4 COLLATE=utf8mb4_general_ci;

--
-- Dumping data untuk tabel `user`
--

INSERT INTO `user` (`id_user`, `username`, `password`, `role`) VALUES
(1, 'Kelompok3', 'admin', 'admin'),
(2, 'Aprilisa', 'user1', 'user'),
(3, 'Rania', 'user2', 'user'),
(4, 'Christoper', 'user3', 'user'),
(5, 'Irfan', 'user4', 'user'),
(6, 'Nizar', 'user5', 'user'),
(10, 'lisa', '1234', 'user'),
(11, 'irfan', 'irfan', 'user');

--
-- Indexes for dumped tables
--

--
-- Indeks untuk tabel `berita`
--
ALTER TABLE `berita`
  ADD PRIMARY KEY (`id_berita`),
  ADD KEY `fk_berita_kategori` (`id_kategori`);

--
-- Indeks untuk tabel `kategori`
--
ALTER TABLE `kategori`
  ADD PRIMARY KEY (`id_kategori`);

--
-- Indeks untuk tabel `komentar`
--
ALTER TABLE `komentar`
  ADD PRIMARY KEY (`id_komentar`),
  ADD KEY `fk_komentar_berita` (`id_berita`),
  ADD KEY `fk_komentar_user` (`id_user`);

--
-- Indeks untuk tabel `saran_berita`
--
ALTER TABLE `saran_berita`
  ADD PRIMARY KEY (`id_saran_berita`),
  ADD KEY `fk_saran_user` (`id_user`),
  ADD KEY `fk_saran_kategori` (`id_kategori`);

--
-- Indeks untuk tabel `user`
--
ALTER TABLE `user`
  ADD PRIMARY KEY (`id_user`);

--
-- AUTO_INCREMENT untuk tabel yang dibuang
--

--
-- AUTO_INCREMENT untuk tabel `berita`
--
ALTER TABLE `berita`
  MODIFY `id_berita` int(11) NOT NULL AUTO_INCREMENT, AUTO_INCREMENT=77;

--
-- AUTO_INCREMENT untuk tabel `kategori`
--
ALTER TABLE `kategori`
  MODIFY `id_kategori` int(11) NOT NULL AUTO_INCREMENT, AUTO_INCREMENT=12;

--
-- AUTO_INCREMENT untuk tabel `komentar`
--
ALTER TABLE `komentar`
  MODIFY `id_komentar` int(11) NOT NULL AUTO_INCREMENT, AUTO_INCREMENT=12;

--
-- AUTO_INCREMENT untuk tabel `saran_berita`
--
ALTER TABLE `saran_berita`
  MODIFY `id_saran_berita` int(11) NOT NULL AUTO_INCREMENT, AUTO_INCREMENT=7;

--
-- AUTO_INCREMENT untuk tabel `user`
--
ALTER TABLE `user`
  MODIFY `id_user` int(11) NOT NULL AUTO_INCREMENT, AUTO_INCREMENT=12;

--
-- Ketidakleluasaan untuk tabel pelimpahan (Dumped Tables)
--

--
-- Ketidakleluasaan untuk tabel `berita`
--
ALTER TABLE `berita`
  ADD CONSTRAINT `fk_berita_kategori` FOREIGN KEY (`id_kategori`) REFERENCES `kategori` (`id_kategori`) ON DELETE SET NULL ON UPDATE SET NULL;

--
-- Ketidakleluasaan untuk tabel `komentar`
--
ALTER TABLE `komentar`
  ADD CONSTRAINT `fk_komentar_berita` FOREIGN KEY (`id_berita`) REFERENCES `berita` (`id_berita`) ON DELETE SET NULL ON UPDATE SET NULL,
  ADD CONSTRAINT `fk_komentar_user` FOREIGN KEY (`id_user`) REFERENCES `user` (`id_user`) ON DELETE SET NULL ON UPDATE SET NULL;

--
-- Ketidakleluasaan untuk tabel `saran_berita`
--
ALTER TABLE `saran_berita`
  ADD CONSTRAINT `fk_saran_kategori` FOREIGN KEY (`id_kategori`) REFERENCES `kategori` (`id_kategori`) ON DELETE SET NULL ON UPDATE SET NULL,
  ADD CONSTRAINT `fk_saran_user` FOREIGN KEY (`id_user`) REFERENCES `user` (`id_user`) ON DELETE SET NULL ON UPDATE SET NULL;
COMMIT;

/*!40101 SET CHARACTER_SET_CLIENT=@OLD_CHARACTER_SET_CLIENT */;
/*!40101 SET CHARACTER_SET_RESULTS=@OLD_CHARACTER_SET_RESULTS */;
/*!40101 SET COLLATION_CONNECTION=@OLD_COLLATION_CONNECTION */;
